column_structure,file_count
Nombre: | Apellidos: | Miembro de secpho? | Empresa/Institución: | Selecciona cual: | Cargo/Función: | Teléfono: | Email: | Comentarios: | track_date | track_id,32
Nombre: | Apellidos: | Empresa/Institución: | Selecciona el socio del desplegable | Cargo/Función: | Teléfono: | Email: | Comentarios: | track_date,19
First name: | Last name: | Company/Institution: | Select a member from the dropdown list | Position | Telephone: | Email: | Comments: | track_date,13
First name: | Last name: | Company/Institution: | Please select: | Position | Telephone: | Email: | Comments: | FieldsetEnd1 | track_date | track_id,5
Nombre: | Apellidos: | Empresa: | Teléfono: | Email: | Comentarios:,4
Nombre: | Apellidos: | Empresa/Institución: | Cargo/Función: | Teléfono: | Email: | Comentarios: | track_date,3
Nombre: | Apellidos: | Empresa/Institución: | Selecciona el socio del desplegable | Cargo/Función: | Teléfono: | Email: | Comentarios: | track_date | Nombre:.1 | Apellidos:.1 | Empresa/Institución:.1 | Selecciona el socio del desplegable.1 | Cargo/Función:.1 | Teléfono:.1 | Email:.1 | Comentarios:.1 | track_date.1 | Nombre:.2 | Apellidos:.2 | Empresa/Institución:.2 | Selecciona el socio del desplegable.2 | Cargo/Función:.2 | Teléfono:.2 | Email:.2 | Comentarios:.2 | track_date.2 | Nombre:.3 | Apellidos:.3 | Empresa/Institución:.3 | Selecciona el socio del desplegable.3 | Cargo/Función:.3 | Teléfono:.3 | Email:.3 | Comentarios:.3 | track_date.3 | Nombre:.4 | Apellidos:.4 | Empresa/Institución:.4 | Selecciona el socio del desplegable.4 | Cargo/Función:.4 | Teléfono:.4 | Email:.4 | Comentarios:.4 | track_date.4 | Nombre:.5 | Apellidos:.5 | Empresa/Institución:.5 | Selecciona el socio del desplegable.5 | Cargo/Función:.5 | Teléfono:.5 | Email:.5 | Comentarios:.5 | track_date.5 | Nombre:.6 | Apellidos:.6 | Empresa/Institución:.6 | Selecciona el socio del desplegable.6 | Cargo/Función:.6 | Teléfono:.6 | Email:.6 | Comentarios:.6 | track_date.6 | Nombre:.7 | Apellidos:.7 | Empresa/Institución:.7 | Selecciona el socio del desplegable.7 | Cargo/Función:.7 | Teléfono:.7 | Email:.7 | Comentarios:.7 | track_date.7 | Nombre:.8 | Apellidos:.8 | Empresa/Institución:.8 | Selecciona el socio del desplegable.8 | Cargo/Función:.8 | Teléfono:.8 | Email:.8 | Comentarios:.8 | track_date.8 | Nombre:.9 | Apellidos:.9 | Empresa/Institución:.9 | Selecciona el socio del desplegable.9 | Cargo/Función:.9 | Teléfono:.9 | Email:.9 | Comentarios:.9 | track_date.9 | Nombre:.10 | Apellidos:.10 | Empresa/Institución:.10 | Selecciona el socio del desplegable.10 | Cargo/Función:.10 | Teléfono:.10 | Email:.10 | Comentarios:.10 | track_date.10 | Nombre:.11 | Apellidos:.11 | Empresa/Institución:.11 | Selecciona el socio del desplegable.11 | Cargo/Función:.11 | Teléfono:.11 | Email:.11 | Comentarios:.11 | track_date.11 | Nombre:.12 | Apellidos:.12 | Empresa/Institución:.12 | Selecciona el socio del desplegable.12 | Cargo/Función:.12 | Teléfono:.12 | Email:.12 | Comentarios:.12 | track_date.12 | Nombre:.13 | Apellidos:.13 | Empresa/Institución:.13 | Selecciona el socio del desplegable.13 | Cargo/Función:.13 | Teléfono:.13 | Email:.13 | Comentarios:.13 | track_date.13 | Nombre:.14 | Apellidos:.14 | Empresa/Institución:.14 | Selecciona el socio del desplegable.14 | Cargo/Función:.14 | Teléfono:.14 | Email:.14 | Comentarios:.14 | track_date.14 | Nombre:.15 | Apellidos:.15 | Empresa/Institución:.15 | Selecciona el socio del desplegable.15 | Cargo/Función:.15 | Teléfono:.15 | Email:.15 | Comentarios:.15 | track_date.15 | Nombre:.16 | Apellidos:.16 | Empresa/Institución:.16 | Selecciona el socio del desplegable.16 | Cargo/Función:.16 | Teléfono:.16 | Email:.16 | Comentarios:.16 | track_date.16 | Nombre:.17 | Apellidos:.17 | Empresa/Institución:.17 | Selecciona el socio del desplegable.17 | Cargo/Función:.17 | Teléfono:.17 | Email:.17 | Comentarios:.17 | track_date.17 | Nombre:.18 | Apellidos:.18 | Empresa/Institución:.18 | Selecciona el socio del desplegable.18 | Cargo/Función:.18 | Teléfono:.18 | Email:.18 | Comentarios:.18 | track_date.18 | Nombre:.19 | Apellidos:.19 | Empresa/Institución:.19 | Selecciona el socio del desplegable.19 | Cargo/Función:.19 | Teléfono:.19 | Email:.19 | Comentarios:.19 | track_date.19 | Nombre:.20 | Apellidos:.20 | Empresa/Institución:.20 | Selecciona el socio del desplegable.20 | Cargo/Función:.20 | Teléfono:.20 | Email:.20 | Comentarios:.20 | track_date.20 | First name: | Last name: | Company/Institution: | Select a member from the dropdown list | Position | Telephone: | Email:.21 | Comments: | track_date.21 | First name:.1 | Last name:.1 | Company/Institution:.1 | Select a member from the dropdown list.1 | Position.1 | Telephone:.1 | Email:.22 | Comments:.1 | track_date.22 | First name:.2 | Last name:.2 | Company/Institution:.2 | Select a member from the dropdown list.2 | Position.2 | Telephone:.2 | Email:.23 | Comments:.2 | track_date.23 | First name:.3 | Last name:.3 | Company/Institution:.3 | Select a member from the dropdown list.3 | Position.3 | Telephone:.3 | Email:.24 | Comments:.3 | track_date.24 | First name:.4 | Last name:.4 | Company/Institution:.4 | Select a member from the dropdown list.4 | Position.4 | Telephone:.4 | Email:.25 | Comments:.4 | track_date.25 | First name:.5 | Last name:.5 | Company/Institution:.5 | Select a member from the dropdown list.5 | Position.5 | Telephone:.5 | Email:.26 | Comments:.5 | track_date.26 | First name:.6 | Last name:.6 | Company/Institution:.6 | Select a member from the dropdown list.6 | Position.6 | Telephone:.6 | Email:.27 | Comments:.6 | track_date.27 | First name:.7 | Last name:.7 | Company/Institution:.7 | Select a member from the dropdown list.7 | Position.7 | Telephone:.7 | Email:.28 | Comments:.7 | track_date.28 | First name:.8 | Last name:.8 | Company/Institution:.8 | Select a member from the dropdown list.8 | Position.8 | Telephone:.8 | Email:.29 | Comments:.8 | track_date.29 | First name:.9 | Last name:.9 | Company/Institution:.9 | Select a member from the dropdown list.9 | Position.9 | Telephone:.9 | Email:.30 | Comments:.9 | track_date.30 | First name:.10 | Last name:.10 | Company/Institution:.10 | Select a member from the dropdown list.10 | Position.10 | Telephone:.10 | Email:.31 | Comments:.10 | track_date.31 | First name:.11 | Last name:.11 | Company/Institution:.11 | Select a member from the dropdown list.11 | Position.11 | Telephone:.11 | Email:.32 | Comments:.11 | track_date.32 | First name:.12 | Last name:.12 | Company/Institution:.12 | Select a member from the dropdown list.12 | Position.12 | Telephone:.12 | Email:.33 | Comments:.12 | track_date.33 | First name:.13 | Last name:.13 | Company/Institution:.13 | Select a member from the dropdown list.13 | Position.13 | Telephone:.13 | Email:.34 | Comments:.13 | track_date.34 | First name:.14 | Last name:.14 | Company/Institution:.14 | Select a member from the dropdown list.14 | Position.14 | Telephone:.14 | Email:.35 | Comments:.14 | track_date.35 | First name:.15 | Last name:.15 | Company/Institution:.15 | Select a member from the dropdown list.15 | Position.15 | Telephone:.15 | Email:.36 | Comments:.15 | track_date.36 | First name:.16 | Last name:.16 | Company/Institution:.16 | Select a member from the dropdown list.16 | Position.16 | Telephone:.16 | Email:.37 | Comments:.16 | track_date.37 | First name:.17 | Last name:.17 | Company/Institution:.17 | Select a member from the dropdown list.17 | Position.17 | Telephone:.17 | Email:.38 | Comments:.17 | track_date.38 | First name:.18 | Last name:.18 | Company/Institution:.18 | Select a member from the dropdown list.18 | Position.18 | Telephone:.18 | Email:.39 | Comments:.18 | track_date.39 | First name:.19 | Last name:.19 | Company/Institution:.19 | Select a member from the dropdown list.19 | Position.19 | Telephone:.19 | Email:.40 | Comments:.19 | track_date.40 | First name:.20 | Last name:.20 | Company/Institution:.20 | Select a member from the dropdown list.20 | Position.20 | Telephone:.20 | Email:.41 | Comments:.20 | track_date.41 | First name:.21 | Last name:.21 | Company/Institution:.21 | Select a member from the dropdown list.21 | Position.21 | Telephone:.21 | Email:.42 | Comments:.21 | track_date.42 | First name:.22 | Last name:.22 | Company/Institution:.22 | Select a member from the dropdown list.22 | Position.22 | Telephone:.22 | Email:.43 | Comments:.22 | track_date.43 | First name:.23 | Last name:.23 | Company/Institution:.23 | Select a member from the dropdown list.23 | Position.23 | Telephone:.23 | Email:.44 | Comments:.23 | track_date.44 | First name:.24 | Last name:.24 | Company/Institution:.24 | Select a member from the dropdown list.24 | Position.24 | Telephone:.24 | Email:.45 | Comments:.24 | track_date.45 | First name:.25 | Last name:.25 | Company/Institution:.25 | Select a member from the dropdown list.25 | Position.25 | Telephone:.25 | Email:.46 | Comments:.25 | track_date.46 | First name:.26 | Last name:.26 | Company/Institution:.26 | Select a member from the dropdown list.26 | Position.26 | Telephone:.26 | Email:.47 | Comments:.26 | track_date.47 | First name:.27 | Last name:.27 | Company/Institution:.27 | Select a member from the dropdown list.27 | Position.27 | Telephone:.27 | Email:.48 | Comments:.27 | track_date.48 | Nombre:.21 | Teléfono:.21 | Email:.49 | Nombre:.22 | Teléfono:.22 | Email:.50 | Nombre:.23 | Apellidos:.21 | Miembro de secpho? | Empresa/Institución:.21 | Selecciona cual: | Cargo/Función:.21 | Teléfono:.23 | Email:.51 | Comentarios:.21 | track_date.49 | Nombre:.24 | Apellidos:.22 | Miembro de secpho?.1 | Empresa/Institución:.22 | Selecciona cual:.1 | Cargo/Función:.22 | Teléfono:.24 | Email:.52 | Comentarios:.22 | track_date.50 | Nombre:.25 | Teléfono:.25 | Email:.53 | FieldsetEnd1 | First name:.28 | Last name:.28 | Company/Institution:.28 | Please select: | Position.28 | Telephone:.28 | Email:.54 | Comments:.28 | FieldsetEnd1.1 | track_date.51 | Nombre:.26 | Apellidos:.23 | Miembro de secpho?.2 | Empresa/Institución:.23 | Selecciona cual:.2 | Cargo/Función:.23 | Teléfono:.26 | Email:.55 | Comentarios:.23 | track_date.52 | Nombre:.27 | Teléfono:.27 | Email:.56 | FieldsetEnd1.2 | First name:.29 | Last name:.29 | Company/Institution:.29 | Please select:.1 | Position.29 | Telephone:.29 | Email:.57 | Comments:.29 | FieldsetEnd1.3 | track_date.53 | First name:.30 | Telephone:.30 | Email:.58 | FieldsetEnd1.4 | Nombre:.28 | Teléfono:.28 | Email:.59 | FieldsetEnd1.5 | First name:.31 | Telephone:.31 | Email:.60 | FieldsetEnd1.6 | Nombre:.29 | Teléfono:.29 | Email:.61 | FieldsetEnd1.7 | First name:.32 | Telephone:.32 | Email:.62 | FieldsetEnd1.8 | First name:.33 | Telephone:.33 | Email:.63 | FieldsetEnd1.9 | First name:.34 | Telephone:.34 | Email:.64 | FieldsetEnd1.10 | First name:.35 | Telephone:.35 | Email:.65 | FieldsetEnd1.11 | First name:.36 | Telephone:.36 | Email:.66 | FieldsetEnd1.12 | First name:.37 | Telephone:.37 | Email:.67 | FieldsetEnd1.13 | First name:.38 | Telephone:.38 | Email:.68 | FieldsetEnd1.14 | First name:.39 | Telephone:.39 | Email:.69 | FieldsetEnd1.15 | First name:.40 | Telephone:.40 | Email:.70 | FieldsetEnd1.16 | Nombre:.30 | Teléfono:.30 | Email:.71 | FieldsetEnd1.17 | First name:.41 | Telephone:.41 | Email:.72 | FieldsetEnd1.18 | Nombre:.31 | Teléfono:.31 | Email:.73 | FieldsetEnd1.19 | Nombre:.32 | Teléfono:.32 | Email:.74 | FieldsetEnd1.20 | Nombre:.33 | Teléfono:.33 | Email:.75 | FieldsetEnd1.21 | Nombre:.34 | Apellidos:.24 | Miembro de secpho?.3 | Empresa/Institución:.24 | Selecciona cual:.3 | Cargo/Función:.24 | Teléfono:.34 | Email:.76 | Comentarios:.24 | track_date.54 | track_id | Nombre:.35 | Teléfono:.35 | Email:.77 | FieldsetEnd1.22 | Nombre:.36 | Apellidos:.25 | Miembro de secpho?.4 | Empresa/Institución:.25 | Selecciona cual:.4 | Cargo/Función:.25 | Teléfono:.36 | Email:.78 | Comentarios:.25 | track_date.55 | track_id.1 | First name:.42 | Telephone:.42 | Email:.79 | FieldsetEnd1.23 | First name:.43 | Telephone:.43 | Email:.80 | FieldsetEnd1.24 | Nombre:.37 | Teléfono:.37 | Email:.81 | FieldsetEnd1.25 | Nombre:.38 | Teléfono:.38 | Email:.82 | FieldsetEnd1.26 | Nombre:.39 | Teléfono:.39 | Email:.83 | FieldsetEnd1.27 | Nombre:.40 | Teléfono:.40 | Email:.84 | FieldsetEnd1.28 | First name:.44 | Telephone:.44 | Email:.85 | FieldsetEnd1.29 | Nombre:.41 | Teléfono:.41 | Email:.86 | FieldsetEnd1.30 | Nombre:.42 | Teléfono:.42 | Email:.87 | FieldsetEnd1.31 | Nombre:.43 | Teléfono:.43 | Email:.88 | FieldsetEnd1.32 | Nombre:.44 | Teléfono:.44 | Email:.89 | FieldsetEnd1.33 | Nombre:.45 | Teléfono:.45 | Email:.90 | FieldsetEnd1.34 | First name:.45 | Telephone:.45 | Email:.91 | FieldsetEnd1.35 | First name:.46 | Telephone:.46 | Email:.92 | FieldsetEnd1.36 | First name:.47 | Telephone:.47 | Email:.93 | FieldsetEnd1.37 | First name:.48 | Telephone:.48 | Email:.94 | FieldsetEnd1.38 | First name:.49 | Telephone:.49 | Email:.95 | FieldsetEnd1.39 | Nombre:.46 | Teléfono:.46 | Email:.96 | FieldsetEnd1.40 | First name:.50 | Telephone:.50 | Email:.97 | FieldsetEnd1.41 | First name:.51 | Telephone:.51 | Email:.98 | FieldsetEnd1.42 | Nombre:.47 | Teléfono:.47 | Email:.99 | FieldsetEnd1.43 | First name:.52 | Telephone:.52 | Email:.100 | FieldsetEnd1.44 | Nombre:.48 | Teléfono:.48 | Email:.101 | FieldsetEnd1.45 | Nombre:.49 | Teléfono:.49 | Email:.102 | FieldsetEnd1.46 | Nombre:.50 | Teléfono:.50 | Email:.103 | FieldsetEnd1.47 | Nombre:.51 | Teléfono:.51 | Email:.104 | FieldsetEnd1.48 | Nombre:.52 | Teléfono:.52 | Email:.105 | FieldsetEnd1.49 | Nombre:.53 | Apellidos:.26 | Miembro de secpho?.5 | Empresa/Institución:.26 | Selecciona cual:.5 | Cargo/Función:.26 | Teléfono:.53 | Email:.106 | Comentarios:.26 | track_date.56 | track_id.2 | Nombre:.54 | Teléfono:.54 | Email:.107 | FieldsetEnd1.50 | First name:.53 | Last name:.30 | Company/Institution:.30 | Please select:.2 | Position.30 | Telephone:.53 | Email:.108 | Comments:.30 | FieldsetEnd1.51 | track_date.57 | track_id.3 | Nombre:.55 | Teléfono:.55 | Email:.109 | FieldsetEnd1.52 | Nombre:.56 | Teléfono:.56 | Email:.110 | FieldsetEnd1.53 | Nombre:.57 | Teléfono:.57 | Email:.111 | FieldsetEnd1.54 | Nombre:.58 | Apellidos:.27 | Miembro de secpho?.6 | Empresa/Institución:.27 | Selecciona cual:.6 | Cargo/Función:.27 | Teléfono:.58 | Email:.112 | Comentarios:.27 | track_date.58 | track_id.4 | Nombre:.59 | Teléfono:.59 | Email:.113 | FieldsetEnd1.55 | Nombre:.60 | Teléfono:.60 | Email:.114 | FieldsetEnd1.56 | First name:.54 | Last name:.31 | Company/Institution:.31 | Please select:.3 | Position.31 | Telephone:.54 | Email:.115 | Comments:.31 | FieldsetEnd1.57 | track_date.59 | track_id.5 | Nombre:.61 | Teléfono:.61 | Email:.116 | FieldsetEnd1.58 | Nombre:.62 | Teléfono:.62 | Email:.117 | FieldsetEnd1.59 | Nombre:.63 | Teléfono:.63 | Email:.118 | FieldsetEnd1.60,3
Nombre: | Apellidos: | Miembro de secpho? | Empresa/Institución: | Selecciona cual: | Cargo/Función: | Teléfono: | Email: | Comentarios: | track_date | Unnamed: 10 | Unnamed: 11 | Unnamed: 12 | Unnamed: 13 | Unnamed: 14 | Unnamed: 15 | Unnamed: 16 | Unnamed: 17 | Unnamed: 18 | Unnamed: 19 | Unnamed: 20 | Unnamed: 21 | Unnamed: 22 | Unnamed: 23 | Unnamed: 24 | Unnamed: 25 | Unnamed: 26 | Unnamed: 27 | Unnamed: 28 | Unnamed: 29 | Unnamed: 30 | Unnamed: 31 | Unnamed: 32 | Unnamed: 33 | Unnamed: 34 | Unnamed: 35 | Unnamed: 36 | Unnamed: 37 | Unnamed: 38 | Unnamed: 39 | Unnamed: 40 | Unnamed: 41 | Unnamed: 42 | Unnamed: 43 | Unnamed: 44 | Unnamed: 45 | Unnamed: 46 | Unnamed: 47 | Unnamed: 48 | Unnamed: 49 | Unnamed: 50 | Unnamed: 51 | Unnamed: 52 | Unnamed: 53 | Unnamed: 54 | Unnamed: 55 | Unnamed: 56 | Unnamed: 57 | Unnamed: 58 | Unnamed: 59 | Unnamed: 60 | Unnamed: 61 | Unnamed: 62 | Unnamed: 63 | Unnamed: 64 | Unnamed: 65 | Unnamed: 66 | Unnamed: 67 | Unnamed: 68 | Unnamed: 69 | Unnamed: 70 | Unnamed: 71 | Unnamed: 72 | Unnamed: 73 | Unnamed: 74 | Unnamed: 75 | Unnamed: 76 | Unnamed: 77 | Unnamed: 78 | Unnamed: 79 | Unnamed: 80 | Unnamed: 81 | Unnamed: 82 | Unnamed: 83 | Unnamed: 84 | Unnamed: 85 | Unnamed: 86 | Unnamed: 87 | Unnamed: 88 | Unnamed: 89 | Unnamed: 90 | Unnamed: 91 | Unnamed: 92 | Unnamed: 93 | Unnamed: 94 | Unnamed: 95 | Unnamed: 96 | Unnamed: 97 | Unnamed: 98 | Unnamed: 99 | Unnamed: 100 | Unnamed: 101 | Unnamed: 102 | Unnamed: 103 | Unnamed: 104 | Unnamed: 105 | Unnamed: 106 | Unnamed: 107 | Unnamed: 108 | Unnamed: 109 | Unnamed: 110 | Unnamed: 111 | Unnamed: 112 | Unnamed: 113 | Unnamed: 114 | Unnamed: 115 | Unnamed: 116 | Unnamed: 117 | Unnamed: 118 | Unnamed: 119 | Unnamed: 120 | Unnamed: 121 | Unnamed: 122 | Unnamed: 123 | Unnamed: 124 | Unnamed: 125 | Unnamed: 126 | Unnamed: 127 | Unnamed: 128 | Unnamed: 129 | Unnamed: 130 | Unnamed: 131 | Unnamed: 132 | Unnamed: 133 | Unnamed: 134 | Unnamed: 135 | Unnamed: 136 | Unnamed: 137 | Unnamed: 138 | Unnamed: 139 | Unnamed: 140 | Unnamed: 141 | Unnamed: 142 | Unnamed: 143 | Unnamed: 144 | Unnamed: 145 | Unnamed: 146 | Unnamed: 147 | Unnamed: 148 | Unnamed: 149 | Unnamed: 150 | Unnamed: 151 | Unnamed: 152 | Unnamed: 153 | Unnamed: 154 | Unnamed: 155 | Unnamed: 156 | Unnamed: 157 | Unnamed: 158 | Unnamed: 159 | Unnamed: 160 | Unnamed: 161 | Unnamed: 162 | Unnamed: 163 | Unnamed: 164 | Unnamed: 165 | Unnamed: 166 | Unnamed: 167 | Unnamed: 168 | Unnamed: 169 | Unnamed: 170 | Unnamed: 171 | Unnamed: 172 | Unnamed: 173 | Unnamed: 174 | Unnamed: 175 | Unnamed: 176 | Unnamed: 177 | Unnamed: 178 | Unnamed: 179 | Unnamed: 180 | Unnamed: 181 | Unnamed: 182 | Unnamed: 183 | Unnamed: 184 | Unnamed: 185 | Unnamed: 186 | Unnamed: 187 | Unnamed: 188 | Unnamed: 189 | Unnamed: 190 | Unnamed: 191 | Unnamed: 192 | Unnamed: 193 | Unnamed: 194 | Unnamed: 195 | Unnamed: 196 | Unnamed: 197 | Unnamed: 198 | Unnamed: 199 | Unnamed: 200 | Unnamed: 201 | Unnamed: 202 | Unnamed: 203 | Unnamed: 204 | Unnamed: 205 | Unnamed: 206 | Unnamed: 207 | Unnamed: 208 | Unnamed: 209 | Unnamed: 210 | Unnamed: 211 | Unnamed: 212 | Unnamed: 213 | Unnamed: 214 | Unnamed: 215 | Unnamed: 216 | Unnamed: 217 | Unnamed: 218 | Unnamed: 219 | Unnamed: 220 | Unnamed: 221 | Unnamed: 222 | Unnamed: 223 | Unnamed: 224 | Unnamed: 225 | Unnamed: 226 | Unnamed: 227 | Unnamed: 228 | Unnamed: 229 | Unnamed: 230 | Unnamed: 231 | Unnamed: 232 | Unnamed: 233 | Unnamed: 234 | Unnamed: 235 | Unnamed: 236 | Unnamed: 237 | Unnamed: 238 | Unnamed: 239 | Unnamed: 240 | Unnamed: 241 | Unnamed: 242 | Unnamed: 243 | Unnamed: 244 | Unnamed: 245 | Unnamed: 246 | Unnamed: 247 | Unnamed: 248 | Unnamed: 249 | Unnamed: 250 | Unnamed: 251 | Unnamed: 252 | Unnamed: 253 | Unnamed: 254 | Unnamed: 255 | Unnamed: 256 | Unnamed: 257 | Unnamed: 258 | Unnamed: 259 | Unnamed: 260 | Unnamed: 261 | Unnamed: 262 | Unnamed: 263 | Unnamed: 264 | Unnamed: 265 | Unnamed: 266 | Unnamed: 267 | Unnamed: 268 | Unnamed: 269 | Unnamed: 270 | Unnamed: 271 | Unnamed: 272 | Unnamed: 273 | Unnamed: 274 | Unnamed: 275 | Unnamed: 276 | Unnamed: 277 | Unnamed: 278 | Unnamed: 279 | Unnamed: 280 | Unnamed: 281 | Unnamed: 282 | Unnamed: 283 | Unnamed: 284 | Unnamed: 285 | Unnamed: 286 | Unnamed: 287 | Unnamed: 288 | Unnamed: 289 | Unnamed: 290 | Unnamed: 291 | Unnamed: 292 | Unnamed: 293 | Unnamed: 294 | Unnamed: 295 | Unnamed: 296 | Unnamed: 297 | Unnamed: 298 | Unnamed: 299 | Unnamed: 300 | Unnamed: 301 | Unnamed: 302 | Unnamed: 303 | Unnamed: 304 | Unnamed: 305 | Unnamed: 306 | Unnamed: 307 | Unnamed: 308 | Unnamed: 309 | Unnamed: 310 | Unnamed: 311 | Unnamed: 312 | Unnamed: 313 | Unnamed: 314 | Unnamed: 315 | Unnamed: 316 | Unnamed: 317 | Unnamed: 318 | Unnamed: 319 | Unnamed: 320 | Unnamed: 321 | Unnamed: 322 | Unnamed: 323 | Unnamed: 324 | Unnamed: 325 | Unnamed: 326 | Unnamed: 327 | Unnamed: 328 | Unnamed: 329 | Unnamed: 330 | Unnamed: 331 | Unnamed: 332 | Unnamed: 333 | Unnamed: 334 | Unnamed: 335 | Unnamed: 336 | Unnamed: 337 | Unnamed: 338 | Unnamed: 339 | Unnamed: 340 | Unnamed: 341 | Unnamed: 342 | Unnamed: 343 | Unnamed: 344 | Unnamed: 345 | Unnamed: 346 | Unnamed: 347 | Unnamed: 348 | Unnamed: 349 | Unnamed: 350 | Unnamed: 351 | Unnamed: 352 | Unnamed: 353 | Unnamed: 354 | Unnamed: 355 | Unnamed: 356 | Unnamed: 357 | Unnamed: 358 | Unnamed: 359 | Unnamed: 360 | Unnamed: 361 | Unnamed: 362 | Unnamed: 363 | Unnamed: 364 | Unnamed: 365 | Unnamed: 366 | Unnamed: 367 | Unnamed: 368 | Unnamed: 369 | Unnamed: 370 | Unnamed: 371 | Unnamed: 372 | Unnamed: 373 | Unnamed: 374 | Unnamed: 375 | Unnamed: 376 | Unnamed: 377 | Unnamed: 378 | Unnamed: 379 | Unnamed: 380 | Unnamed: 381 | Unnamed: 382 | Unnamed: 383 | Unnamed: 384 | Unnamed: 385 | Unnamed: 386 | Unnamed: 387 | Unnamed: 388 | Unnamed: 389 | Unnamed: 390 | Unnamed: 391 | Unnamed: 392 | Unnamed: 393 | Unnamed: 394 | Unnamed: 395 | Unnamed: 396 | Unnamed: 397 | Unnamed: 398 | Unnamed: 399 | Unnamed: 400 | Unnamed: 401 | Unnamed: 402 | Unnamed: 403 | Unnamed: 404 | Unnamed: 405 | Unnamed: 406 | Unnamed: 407 | Unnamed: 408 | Unnamed: 409 | Unnamed: 410 | Unnamed: 411 | Unnamed: 412 | Unnamed: 413 | Unnamed: 414 | Unnamed: 415 | Unnamed: 416 | Unnamed: 417 | Unnamed: 418 | Unnamed: 419 | Unnamed: 420 | Unnamed: 421 | Unnamed: 422 | Unnamed: 423 | Unnamed: 424 | Unnamed: 425 | Unnamed: 426 | Unnamed: 427 | Unnamed: 428 | Unnamed: 429 | Unnamed: 430 | Unnamed: 431 | Unnamed: 432 | Unnamed: 433 | Unnamed: 434 | Unnamed: 435 | Unnamed: 436 | Unnamed: 437 | Unnamed: 438 | Unnamed: 439 | Unnamed: 440 | Unnamed: 441 | Unnamed: 442 | Unnamed: 443 | Unnamed: 444 | Unnamed: 445 | Unnamed: 446 | Unnamed: 447 | Unnamed: 448 | Unnamed: 449 | Unnamed: 450 | Unnamed: 451 | Unnamed: 452 | Unnamed: 453 | Unnamed: 454 | Unnamed: 455 | Unnamed: 456 | Unnamed: 457 | Unnamed: 458 | Unnamed: 459 | Unnamed: 460 | Unnamed: 461 | Unnamed: 462 | Unnamed: 463 | Unnamed: 464 | Unnamed: 465 | Unnamed: 466 | Unnamed: 467 | Unnamed: 468 | Unnamed: 469 | Unnamed: 470 | Unnamed: 471 | Unnamed: 472 | Unnamed: 473 | Unnamed: 474 | Unnamed: 475 | Unnamed: 476 | Unnamed: 477 | Unnamed: 478 | Unnamed: 479 | Unnamed: 480 | Unnamed: 481 | Unnamed: 482 | Unnamed: 483 | Unnamed: 484 | Unnamed: 485 | Unnamed: 486 | Unnamed: 487 | Unnamed: 488 | Unnamed: 489 | Unnamed: 490 | Unnamed: 491 | Unnamed: 492 | Unnamed: 493 | Unnamed: 494 | Unnamed: 495 | Unnamed: 496 | Unnamed: 497 | Unnamed: 498 | Unnamed: 499 | Unnamed: 500 | Unnamed: 501 | Unnamed: 502 | Unnamed: 503 | Unnamed: 504 | Unnamed: 505 | Unnamed: 506 | Unnamed: 507 | Unnamed: 508 | Unnamed: 509 | Unnamed: 510 | Unnamed: 511 | Unnamed: 512 | Unnamed: 513 | Unnamed: 514 | Unnamed: 515 | Unnamed: 516 | Unnamed: 517 | Unnamed: 518 | Unnamed: 519 | Unnamed: 520 | Unnamed: 521 | Unnamed: 522 | Unnamed: 523 | Unnamed: 524 | Unnamed: 525 | Unnamed: 526 | Unnamed: 527 | Unnamed: 528 | Unnamed: 529 | Unnamed: 530 | Unnamed: 531 | Unnamed: 532 | Unnamed: 533 | Unnamed: 534 | Unnamed: 535 | Unnamed: 536 | Unnamed: 537 | Unnamed: 538 | Unnamed: 539 | Unnamed: 540 | Unnamed: 541 | Unnamed: 542 | Unnamed: 543 | Unnamed: 544 | Unnamed: 545 | Unnamed: 546 | Unnamed: 547 | Unnamed: 548 | Unnamed: 549 | Unnamed: 550 | Unnamed: 551 | Unnamed: 552 | Unnamed: 553 | Unnamed: 554 | Unnamed: 555 | Unnamed: 556 | Unnamed: 557 | Unnamed: 558 | Unnamed: 559 | Unnamed: 560 | Unnamed: 561 | Unnamed: 562 | Unnamed: 563 | Unnamed: 564 | Unnamed: 565 | Unnamed: 566 | Unnamed: 567 | Unnamed: 568 | Unnamed: 569 | Unnamed: 570 | Unnamed: 571 | Unnamed: 572 | Unnamed: 573 | Unnamed: 574 | Unnamed: 575 | Unnamed: 576 | Unnamed: 577 | Unnamed: 578 | Unnamed: 579 | Unnamed: 580 | Unnamed: 581 | Unnamed: 582 | Unnamed: 583 | Unnamed: 584 | Unnamed: 585 | Unnamed: 586 | Unnamed: 587 | Unnamed: 588 | Unnamed: 589 | Unnamed: 590 | Unnamed: 591 | Unnamed: 592 | Unnamed: 593 | Unnamed: 594 | Unnamed: 595 | Unnamed: 596 | Unnamed: 597 | Unnamed: 598 | Unnamed: 599 | Unnamed: 600 | Unnamed: 601 | Unnamed: 602 | Unnamed: 603 | Unnamed: 604 | Unnamed: 605 | Unnamed: 606 | Unnamed: 607 | Unnamed: 608 | Unnamed: 609 | Unnamed: 610 | Unnamed: 611 | Unnamed: 612 | Unnamed: 613 | Unnamed: 614 | Unnamed: 615 | Unnamed: 616 | Unnamed: 617 | Unnamed: 618 | Unnamed: 619 | Unnamed: 620 | Unnamed: 621 | Unnamed: 622 | Unnamed: 623 | Unnamed: 624 | Unnamed: 625 | Unnamed: 626 | Unnamed: 627 | Unnamed: 628 | Unnamed: 629 | Unnamed: 630 | Unnamed: 631 | Unnamed: 632 | Unnamed: 633 | Unnamed: 634 | Unnamed: 635 | Unnamed: 636 | Unnamed: 637 | Unnamed: 638 | Unnamed: 639 | Unnamed: 640 | Unnamed: 641 | Unnamed: 642 | Unnamed: 643 | Unnamed: 644 | Unnamed: 645 | Unnamed: 646 | Unnamed: 647 | Unnamed: 648 | Unnamed: 649 | Unnamed: 650 | Unnamed: 651 | Unnamed: 652 | Unnamed: 653 | Unnamed: 654 | Unnamed: 655 | Unnamed: 656 | Unnamed: 657 | Unnamed: 658 | Unnamed: 659 | Unnamed: 660 | Unnamed: 661 | Unnamed: 662 | Unnamed: 663 | Unnamed: 664 | Unnamed: 665 | Unnamed: 666 | Unnamed: 667 | Unnamed: 668 | Unnamed: 669 | Unnamed: 670 | Unnamed: 671 | Unnamed: 672 | Unnamed: 673 | Unnamed: 674 | Unnamed: 675 | Unnamed: 676 | Unnamed: 677 | Unnamed: 678 | Unnamed: 679 | Unnamed: 680 | Unnamed: 681 | Unnamed: 682 | Unnamed: 683 | Unnamed: 684 | Unnamed: 685 | Unnamed: 686 | Unnamed: 687 | Unnamed: 688 | Unnamed: 689 | Unnamed: 690 | Unnamed: 691 | Unnamed: 692 | Unnamed: 693 | Unnamed: 694 | Unnamed: 695 | Unnamed: 696 | Unnamed: 697 | Unnamed: 698 | Unnamed: 699 | Unnamed: 700 | Unnamed: 701 | Unnamed: 702 | Unnamed: 703 | Unnamed: 704 | Unnamed: 705 | Unnamed: 706 | Unnamed: 707 | Unnamed: 708 | Unnamed: 709 | Unnamed: 710 | Unnamed: 711 | Unnamed: 712 | Unnamed: 713 | Unnamed: 714 | Unnamed: 715 | Unnamed: 716 | Unnamed: 717 | Unnamed: 718 | Unnamed: 719 | Unnamed: 720 | Unnamed: 721 | Unnamed: 722 | Unnamed: 723 | Unnamed: 724 | Unnamed: 725 | Unnamed: 726 | Unnamed: 727 | Unnamed: 728 | Unnamed: 729 | Unnamed: 730 | Unnamed: 731 | Unnamed: 732 | Unnamed: 733 | Unnamed: 734 | Unnamed: 735 | Unnamed: 736 | Unnamed: 737 | Unnamed: 738 | Unnamed: 739 | Unnamed: 740 | Unnamed: 741 | Unnamed: 742 | Unnamed: 743 | Unnamed: 744 | Unnamed: 745 | Unnamed: 746 | Unnamed: 747 | Unnamed: 748 | Unnamed: 749 | Unnamed: 750 | Unnamed: 751 | Unnamed: 752 | Unnamed: 753 | Unnamed: 754 | Unnamed: 755 | Unnamed: 756 | Unnamed: 757 | Unnamed: 758 | Unnamed: 759 | Unnamed: 760 | Unnamed: 761 | Unnamed: 762 | Unnamed: 763 | Unnamed: 764 | Unnamed: 765 | Unnamed: 766 | Unnamed: 767 | Unnamed: 768 | Unnamed: 769 | Unnamed: 770 | Unnamed: 771 | Unnamed: 772 | Unnamed: 773 | Unnamed: 774 | Unnamed: 775 | Unnamed: 776 | Unnamed: 777 | Unnamed: 778 | Unnamed: 779 | Unnamed: 780 | Unnamed: 781 | Unnamed: 782 | Unnamed: 783 | Unnamed: 784 | Unnamed: 785 | Unnamed: 786 | Unnamed: 787 | Unnamed: 788 | Unnamed: 789 | Unnamed: 790,1
Nombre: | Apellidos: | Miembro de secpho? | Empresa/Institución: | Selecciona el socio del desplegable | Cargo/Función: | Teléfono: | Email: | Comentarios: | track_date | Unnamed: 10 | Unnamed: 11 | Unnamed: 12 | Unnamed: 13 | Unnamed: 14 | Unnamed: 15 | Unnamed: 16 | Unnamed: 17 | Unnamed: 18 | Unnamed: 19 | Unnamed: 20 | Unnamed: 21 | Unnamed: 22 | Unnamed: 23 | Unnamed: 24 | Unnamed: 25 | Unnamed: 26 | Unnamed: 27 | Unnamed: 28 | Unnamed: 29 | Unnamed: 30 | Unnamed: 31 | Unnamed: 32 | Unnamed: 33 | Unnamed: 34 | Unnamed: 35 | Unnamed: 36 | Unnamed: 37 | Unnamed: 38 | Unnamed: 39 | Unnamed: 40 | Unnamed: 41 | Unnamed: 42 | Unnamed: 43 | Unnamed: 44 | Unnamed: 45 | Unnamed: 46 | Unnamed: 47 | Unnamed: 48 | Unnamed: 49 | Unnamed: 50 | Unnamed: 51 | Unnamed: 52 | Unnamed: 53 | Unnamed: 54 | Unnamed: 55 | Unnamed: 56 | Unnamed: 57 | Unnamed: 58 | Unnamed: 59 | Unnamed: 60 | Unnamed: 61 | Unnamed: 62 | Unnamed: 63 | Unnamed: 64 | Unnamed: 65 | Unnamed: 66 | Unnamed: 67 | Unnamed: 68 | Unnamed: 69 | Unnamed: 70 | Unnamed: 71 | Unnamed: 72 | Unnamed: 73 | Unnamed: 74 | Unnamed: 75 | Unnamed: 76 | Unnamed: 77 | Unnamed: 78 | Unnamed: 79 | Unnamed: 80 | Unnamed: 81 | Unnamed: 82 | Unnamed: 83 | Unnamed: 84 | Unnamed: 85 | Unnamed: 86 | Unnamed: 87 | Unnamed: 88 | Unnamed: 89 | Unnamed: 90 | Unnamed: 91 | Unnamed: 92 | Unnamed: 93 | Unnamed: 94 | Unnamed: 95 | Unnamed: 96 | Unnamed: 97 | Unnamed: 98 | Unnamed: 99 | Unnamed: 100 | Unnamed: 101 | Unnamed: 102 | Unnamed: 103 | Unnamed: 104 | Unnamed: 105 | Unnamed: 106 | Unnamed: 107 | Unnamed: 108 | Unnamed: 109 | Unnamed: 110 | Unnamed: 111 | Unnamed: 112 | Unnamed: 113 | Unnamed: 114 | Unnamed: 115 | Unnamed: 116 | Unnamed: 117 | Unnamed: 118 | Unnamed: 119 | Unnamed: 120 | Unnamed: 121 | Unnamed: 122 | Unnamed: 123 | Unnamed: 124 | Unnamed: 125 | Unnamed: 126 | Unnamed: 127 | Unnamed: 128 | Unnamed: 129 | Unnamed: 130 | Unnamed: 131 | Unnamed: 132 | Unnamed: 133 | Unnamed: 134 | Unnamed: 135 | Unnamed: 136 | Unnamed: 137 | Unnamed: 138 | Unnamed: 139 | Unnamed: 140 | Unnamed: 141 | Unnamed: 142 | Unnamed: 143 | Unnamed: 144 | Unnamed: 145 | Unnamed: 146 | Unnamed: 147 | Unnamed: 148 | Unnamed: 149 | Unnamed: 150 | Unnamed: 151 | Unnamed: 152 | Unnamed: 153 | Unnamed: 154 | Unnamed: 155 | Unnamed: 156 | Unnamed: 157 | Unnamed: 158 | Unnamed: 159 | Unnamed: 160 | Unnamed: 161 | Unnamed: 162 | Unnamed: 163 | Unnamed: 164 | Unnamed: 165 | Unnamed: 166 | Unnamed: 167 | Unnamed: 168 | Unnamed: 169 | Unnamed: 170 | Unnamed: 171 | Unnamed: 172 | Unnamed: 173 | Unnamed: 174 | Unnamed: 175 | Unnamed: 176 | Unnamed: 177 | Unnamed: 178 | Unnamed: 179 | Unnamed: 180 | Unnamed: 181 | Unnamed: 182 | Unnamed: 183 | Unnamed: 184 | Unnamed: 185 | Unnamed: 186 | Unnamed: 187 | Unnamed: 188 | Unnamed: 189 | Unnamed: 190 | Unnamed: 191 | Unnamed: 192 | Unnamed: 193 | Unnamed: 194 | Unnamed: 195 | Unnamed: 196 | Unnamed: 197 | Unnamed: 198 | Unnamed: 199 | Unnamed: 200 | Unnamed: 201 | Unnamed: 202 | Unnamed: 203 | Unnamed: 204 | Unnamed: 205 | Unnamed: 206 | Unnamed: 207 | Unnamed: 208 | Unnamed: 209 | Unnamed: 210 | Unnamed: 211 | Unnamed: 212 | Unnamed: 213 | Unnamed: 214 | Unnamed: 215 | Unnamed: 216 | Unnamed: 217 | Unnamed: 218 | Unnamed: 219 | Unnamed: 220 | Unnamed: 221 | Unnamed: 222 | Unnamed: 223 | Unnamed: 224 | Unnamed: 225 | Unnamed: 226 | Unnamed: 227 | Unnamed: 228 | Unnamed: 229 | Unnamed: 230 | Unnamed: 231 | Unnamed: 232 | Unnamed: 233 | Unnamed: 234 | Unnamed: 235 | Unnamed: 236 | Unnamed: 237 | Unnamed: 238 | Unnamed: 239 | Unnamed: 240 | Unnamed: 241 | Unnamed: 242 | Unnamed: 243 | Unnamed: 244 | Unnamed: 245 | Unnamed: 246 | Unnamed: 247 | Unnamed: 248 | Unnamed: 249 | Unnamed: 250 | Unnamed: 251 | Unnamed: 252 | Unnamed: 253 | Unnamed: 254 | Unnamed: 255 | Unnamed: 256 | Unnamed: 257 | Unnamed: 258 | Unnamed: 259 | Unnamed: 260 | Unnamed: 261 | Unnamed: 262 | Unnamed: 263 | Unnamed: 264 | Unnamed: 265 | Unnamed: 266 | Unnamed: 267 | Unnamed: 268 | Unnamed: 269 | Unnamed: 270 | Unnamed: 271 | Unnamed: 272 | Unnamed: 273 | Unnamed: 274 | Unnamed: 275 | Unnamed: 276 | Unnamed: 277 | Unnamed: 278 | Unnamed: 279 | Unnamed: 280 | Unnamed: 281 | Unnamed: 282 | Unnamed: 283 | Unnamed: 284 | Unnamed: 285 | Unnamed: 286 | Unnamed: 287 | Unnamed: 288 | Unnamed: 289 | Unnamed: 290 | Unnamed: 291 | Unnamed: 292 | Unnamed: 293 | Unnamed: 294 | Unnamed: 295 | Unnamed: 296 | Unnamed: 297 | Unnamed: 298 | Unnamed: 299 | Unnamed: 300 | Unnamed: 301 | Unnamed: 302 | Unnamed: 303 | Unnamed: 304 | Unnamed: 305 | Unnamed: 306 | Unnamed: 307 | Unnamed: 308 | Unnamed: 309 | Unnamed: 310 | Unnamed: 311 | Unnamed: 312 | Unnamed: 313 | Unnamed: 314 | Unnamed: 315 | Unnamed: 316 | Unnamed: 317 | Unnamed: 318 | Unnamed: 319 | Unnamed: 320 | Unnamed: 321 | Unnamed: 322 | Unnamed: 323 | Unnamed: 324 | Unnamed: 325 | Unnamed: 326 | Unnamed: 327 | Unnamed: 328 | Unnamed: 329 | Unnamed: 330 | Unnamed: 331 | Unnamed: 332 | Unnamed: 333 | Unnamed: 334 | Unnamed: 335 | Unnamed: 336 | Unnamed: 337 | Unnamed: 338 | Unnamed: 339 | Unnamed: 340 | Unnamed: 341 | Unnamed: 342 | Unnamed: 343 | Unnamed: 344 | Unnamed: 345 | Unnamed: 346 | Unnamed: 347 | Unnamed: 348 | Unnamed: 349 | Unnamed: 350 | Unnamed: 351 | Unnamed: 352 | Unnamed: 353 | Unnamed: 354 | Unnamed: 355 | Unnamed: 356 | Unnamed: 357 | Unnamed: 358 | Unnamed: 359 | Unnamed: 360 | Unnamed: 361 | Unnamed: 362 | Unnamed: 363 | Unnamed: 364 | Unnamed: 365 | Unnamed: 366 | Unnamed: 367 | Unnamed: 368 | Unnamed: 369 | Unnamed: 370 | Unnamed: 371 | Unnamed: 372 | Unnamed: 373 | Unnamed: 374 | Unnamed: 375 | Unnamed: 376 | Unnamed: 377 | Unnamed: 378 | Unnamed: 379 | Unnamed: 380 | Unnamed: 381 | Unnamed: 382 | Unnamed: 383 | Unnamed: 384 | Unnamed: 385 | Unnamed: 386 | Unnamed: 387 | Unnamed: 388 | Unnamed: 389 | Unnamed: 390 | Unnamed: 391 | Unnamed: 392 | Unnamed: 393 | Unnamed: 394 | Unnamed: 395 | Unnamed: 396 | Unnamed: 397 | Unnamed: 398 | Unnamed: 399 | Unnamed: 400 | Unnamed: 401 | Unnamed: 402 | Unnamed: 403 | Unnamed: 404 | Unnamed: 405 | Unnamed: 406 | Unnamed: 407 | Unnamed: 408 | Unnamed: 409 | Unnamed: 410 | Unnamed: 411 | Unnamed: 412 | Unnamed: 413 | Unnamed: 414 | Unnamed: 415 | Unnamed: 416 | Unnamed: 417 | Unnamed: 418 | Unnamed: 419 | Unnamed: 420 | Unnamed: 421 | Unnamed: 422 | Unnamed: 423 | Unnamed: 424 | Unnamed: 425 | Unnamed: 426 | Unnamed: 427 | Unnamed: 428 | Unnamed: 429 | Unnamed: 430 | Unnamed: 431 | Unnamed: 432 | Unnamed: 433 | Unnamed: 434 | Unnamed: 435 | Unnamed: 436 | Unnamed: 437 | Unnamed: 438 | Unnamed: 439 | Unnamed: 440 | Unnamed: 441 | Unnamed: 442 | Unnamed: 443 | Unnamed: 444 | Unnamed: 445 | Unnamed: 446 | Unnamed: 447 | Unnamed: 448 | Unnamed: 449 | Unnamed: 450 | Unnamed: 451 | Unnamed: 452 | Unnamed: 453 | Unnamed: 454 | Unnamed: 455 | Unnamed: 456 | Unnamed: 457 | Unnamed: 458 | Unnamed: 459 | Unnamed: 460 | Unnamed: 461 | Unnamed: 462 | Unnamed: 463 | Unnamed: 464 | Unnamed: 465 | Unnamed: 466 | Unnamed: 467 | Unnamed: 468 | Unnamed: 469 | Unnamed: 470 | Unnamed: 471 | Unnamed: 472 | Unnamed: 473 | Unnamed: 474 | Unnamed: 475 | Unnamed: 476 | Unnamed: 477 | Unnamed: 478 | Unnamed: 479 | Unnamed: 480 | Unnamed: 481 | Unnamed: 482 | Unnamed: 483 | Unnamed: 484 | Unnamed: 485 | Unnamed: 486 | Unnamed: 487 | Unnamed: 488 | Unnamed: 489 | Unnamed: 490 | Unnamed: 491 | Unnamed: 492 | Unnamed: 493 | Unnamed: 494 | Unnamed: 495 | Unnamed: 496 | Unnamed: 497 | Unnamed: 498 | Unnamed: 499 | Unnamed: 500 | Unnamed: 501 | Unnamed: 502 | Unnamed: 503 | Unnamed: 504 | Unnamed: 505 | Unnamed: 506 | Unnamed: 507 | Unnamed: 508 | Unnamed: 509 | Unnamed: 510 | Unnamed: 511 | Unnamed: 512 | Unnamed: 513 | Unnamed: 514 | Unnamed: 515 | Unnamed: 516 | Unnamed: 517 | Unnamed: 518 | Unnamed: 519 | Unnamed: 520 | Unnamed: 521 | Unnamed: 522 | Unnamed: 523 | Unnamed: 524 | Unnamed: 525 | Unnamed: 526 | Unnamed: 527 | Unnamed: 528 | Unnamed: 529 | Unnamed: 530 | Unnamed: 531 | Unnamed: 532 | Unnamed: 533 | Unnamed: 534 | Unnamed: 535 | Unnamed: 536 | Unnamed: 537 | Unnamed: 538 | Unnamed: 539 | Unnamed: 540 | Unnamed: 541 | Unnamed: 542 | Unnamed: 543 | Unnamed: 544 | Unnamed: 545 | Unnamed: 546 | Unnamed: 547 | Unnamed: 548 | Unnamed: 549 | Unnamed: 550 | Unnamed: 551 | Unnamed: 552 | Unnamed: 553 | Unnamed: 554 | Unnamed: 555 | Unnamed: 556 | Unnamed: 557 | Unnamed: 558 | Unnamed: 559 | Unnamed: 560 | Unnamed: 561 | Unnamed: 562 | Unnamed: 563 | Unnamed: 564 | Unnamed: 565 | Unnamed: 566 | Unnamed: 567 | Unnamed: 568 | Unnamed: 569 | Unnamed: 570 | Unnamed: 571 | Unnamed: 572 | Unnamed: 573 | Unnamed: 574 | Unnamed: 575 | Unnamed: 576 | Unnamed: 577 | Unnamed: 578 | Unnamed: 579 | Unnamed: 580 | Unnamed: 581 | Unnamed: 582 | Unnamed: 583 | Unnamed: 584 | Unnamed: 585 | Unnamed: 586 | Unnamed: 587 | Unnamed: 588 | Unnamed: 589 | Unnamed: 590 | Unnamed: 591 | Unnamed: 592 | Unnamed: 593 | Unnamed: 594 | Unnamed: 595 | Unnamed: 596 | Unnamed: 597 | Unnamed: 598 | Unnamed: 599 | Unnamed: 600 | Unnamed: 601 | Unnamed: 602 | Unnamed: 603 | Unnamed: 604 | Unnamed: 605 | Unnamed: 606 | Unnamed: 607 | Unnamed: 608 | Unnamed: 609 | Unnamed: 610 | Unnamed: 611 | Unnamed: 612 | Unnamed: 613 | Unnamed: 614 | Unnamed: 615 | Unnamed: 616 | Unnamed: 617 | Unnamed: 618 | Unnamed: 619 | Unnamed: 620 | Unnamed: 621 | Unnamed: 622 | Unnamed: 623 | Unnamed: 624 | Unnamed: 625 | Unnamed: 626 | Unnamed: 627 | Unnamed: 628 | Unnamed: 629 | Unnamed: 630 | Unnamed: 631 | Unnamed: 632 | Unnamed: 633 | Unnamed: 634 | Unnamed: 635 | Unnamed: 636 | Unnamed: 637 | Unnamed: 638 | Unnamed: 639 | Unnamed: 640 | Unnamed: 641 | Unnamed: 642 | Unnamed: 643 | Unnamed: 644 | Unnamed: 645 | Unnamed: 646 | Unnamed: 647 | Unnamed: 648 | Unnamed: 649 | Unnamed: 650 | Unnamed: 651 | Unnamed: 652 | Unnamed: 653 | Unnamed: 654 | Unnamed: 655 | Unnamed: 656 | Unnamed: 657 | Unnamed: 658 | Unnamed: 659 | Unnamed: 660 | Unnamed: 661 | Unnamed: 662 | Unnamed: 663 | Unnamed: 664 | Unnamed: 665 | Unnamed: 666 | Unnamed: 667 | Unnamed: 668 | Unnamed: 669 | Unnamed: 670 | Unnamed: 671 | Unnamed: 672 | Unnamed: 673 | Unnamed: 674 | Unnamed: 675 | Unnamed: 676 | Unnamed: 677 | Unnamed: 678 | Unnamed: 679 | Unnamed: 680 | Unnamed: 681 | Unnamed: 682 | Unnamed: 683 | Unnamed: 684 | Unnamed: 685 | Unnamed: 686 | Unnamed: 687 | Unnamed: 688 | Unnamed: 689 | Unnamed: 690 | Unnamed: 691 | Unnamed: 692 | Unnamed: 693 | Unnamed: 694 | Unnamed: 695 | Unnamed: 696 | Unnamed: 697 | Unnamed: 698 | Unnamed: 699 | Unnamed: 700 | Unnamed: 701 | Unnamed: 702 | Unnamed: 703 | Unnamed: 704 | Unnamed: 705 | Unnamed: 706 | Unnamed: 707 | Unnamed: 708 | Unnamed: 709 | Unnamed: 710 | Unnamed: 711 | Unnamed: 712 | Unnamed: 713 | Unnamed: 714 | Unnamed: 715 | Unnamed: 716 | Unnamed: 717 | Unnamed: 718 | Unnamed: 719 | Unnamed: 720 | Unnamed: 721 | Unnamed: 722 | Unnamed: 723 | Unnamed: 724 | Unnamed: 725 | Unnamed: 726 | Unnamed: 727 | Unnamed: 728 | Unnamed: 729 | Unnamed: 730 | Unnamed: 731 | Unnamed: 732 | Unnamed: 733 | Unnamed: 734 | Unnamed: 735 | Unnamed: 736 | Unnamed: 737 | Unnamed: 738 | Unnamed: 739 | Unnamed: 740 | Unnamed: 741 | Unnamed: 742 | Unnamed: 743 | Unnamed: 744 | Unnamed: 745 | Unnamed: 746 | Unnamed: 747 | Unnamed: 748 | Unnamed: 749 | Unnamed: 750 | Unnamed: 751 | Unnamed: 752 | Unnamed: 753 | Unnamed: 754 | Unnamed: 755 | Unnamed: 756 | Unnamed: 757 | Unnamed: 758 | Unnamed: 759 | Unnamed: 760 | Unnamed: 761 | Unnamed: 762 | Unnamed: 763 | Unnamed: 764 | Unnamed: 765 | Unnamed: 766 | Unnamed: 767 | Unnamed: 768 | Unnamed: 769 | Unnamed: 770 | Unnamed: 771 | Unnamed: 772 | Unnamed: 773 | Unnamed: 774 | Unnamed: 775 | Unnamed: 776 | Unnamed: 777 | Unnamed: 778 | Unnamed: 779 | Unnamed: 780 | Unnamed: 781 | Unnamed: 782 | Unnamed: 783 | Unnamed: 784 | Unnamed: 785 | Unnamed: 786 | Unnamed: 787 | Unnamed: 788 | Unnamed: 789 | Unnamed: 790,1
Organisation name: | Corporate / Legal name: | VAT Number: | Activity: | Address: | City: | Postal Code: | Province: | First name: | Last name: | Occupation: | Telephone: | Email: | Select the type of organization | Unnamed: 14 | ___2 | I further authorize to be charged with annual membership fee | ___3 | Bank name: | Entity: | Office: | DC: | Account number: | Unnamed: 23 | Unnamed: 24 | Unnamed: 25 | Unnamed: 26 | Unnamed: 27,1
Nombre: | Apellidos: | Miembro de secpho? | Empresa/Institución: | Selecciona cual: | Cargo/Función: | Teléfono: | Email: | Comentarios: | track_date | Unnamed: 10,1
Nombre: | Apellidos: | Email: | Curriculum (pdf):[*4] | Unnamed: 4 | Unnamed: 5,1
First name: | Last name: | Company: | Telephone: | Email: | Comments:,1
Nombre: | Teléfono: | Email: | FieldsetEnd1,1
Nombre: | Teléfono: | Email: | Unnamed: 3 | Unnamed: 4 | Unnamed: 5 | Unnamed: 6 | Unnamed: 7 | Unnamed: 8 | Unnamed: 9 | Unnamed: 10 | Unnamed: 11 | Unnamed: 12 | Unnamed: 13 | Unnamed: 14 | Unnamed: 15 | Unnamed: 16 | Unnamed: 17 | Unnamed: 18 | Unnamed: 19 | Unnamed: 20 | Unnamed: 21 | Unnamed: 22 | Unnamed: 23 | Unnamed: 24 | Unnamed: 25 | Unnamed: 26 | Unnamed: 27 | Unnamed: 28 | Unnamed: 29 | Unnamed: 30 | Unnamed: 31 | Unnamed: 32 | Unnamed: 33 | Unnamed: 34 | Unnamed: 35 | Unnamed: 36 | Unnamed: 37 | Unnamed: 38 | Unnamed: 39 | Unnamed: 40 | Unnamed: 41 | Unnamed: 42 | Unnamed: 43 | Unnamed: 44 | Unnamed: 45 | Unnamed: 46 | Unnamed: 47 | Unnamed: 48 | Unnamed: 49 | Unnamed: 50 | Unnamed: 51 | Unnamed: 52 | Unnamed: 53 | Unnamed: 54 | Unnamed: 55 | Unnamed: 56 | Unnamed: 57 | Unnamed: 58 | Unnamed: 59 | Unnamed: 60 | Unnamed: 61 | Unnamed: 62 | Unnamed: 63 | Unnamed: 64 | Unnamed: 65 | Unnamed: 66 | Unnamed: 67 | Unnamed: 68 | Unnamed: 69 | Unnamed: 70 | Unnamed: 71 | Unnamed: 72 | Unnamed: 73 | Unnamed: 74 | Unnamed: 75 | Unnamed: 76 | Unnamed: 77 | Unnamed: 78 | Unnamed: 79 | Unnamed: 80 | Unnamed: 81 | Unnamed: 82 | Unnamed: 83 | Unnamed: 84 | Unnamed: 85 | Unnamed: 86 | Unnamed: 87 | Unnamed: 88 | Unnamed: 89 | Unnamed: 90 | Unnamed: 91 | Unnamed: 92 | Unnamed: 93 | Unnamed: 94 | Unnamed: 95 | Unnamed: 96 | Unnamed: 97 | Unnamed: 98 | Unnamed: 99 | Unnamed: 100 | Unnamed: 101 | Unnamed: 102 | Unnamed: 103 | Unnamed: 104 | Unnamed: 105 | Unnamed: 106 | Unnamed: 107 | Unnamed: 108 | Unnamed: 109 | Unnamed: 110 | Unnamed: 111 | Unnamed: 112 | Unnamed: 113 | Unnamed: 114 | Unnamed: 115 | Unnamed: 116 | Unnamed: 117 | Unnamed: 118 | Unnamed: 119 | Unnamed: 120 | Unnamed: 121 | Unnamed: 122 | Unnamed: 123 | Unnamed: 124 | Unnamed: 125 | Unnamed: 126 | Unnamed: 127 | Unnamed: 128 | Unnamed: 129 | Unnamed: 130 | Unnamed: 131 | Unnamed: 132 | Unnamed: 133 | Unnamed: 134 | Unnamed: 135 | Unnamed: 136 | Unnamed: 137 | Unnamed: 138 | Unnamed: 139 | Unnamed: 140 | Unnamed: 141 | Unnamed: 142 | Unnamed: 143 | Unnamed: 144 | Unnamed: 145 | Unnamed: 146 | Unnamed: 147 | Unnamed: 148 | Unnamed: 149 | Unnamed: 150 | Unnamed: 151 | Unnamed: 152 | Unnamed: 153 | Unnamed: 154 | Unnamed: 155 | Unnamed: 156 | Unnamed: 157 | Unnamed: 158 | Unnamed: 159 | Unnamed: 160 | Unnamed: 161 | Unnamed: 162 | Unnamed: 163 | Unnamed: 164 | Unnamed: 165 | Unnamed: 166 | Unnamed: 167 | Unnamed: 168 | Unnamed: 169 | Unnamed: 170 | Unnamed: 171 | Unnamed: 172 | Unnamed: 173 | Unnamed: 174 | Unnamed: 175 | Unnamed: 176 | Unnamed: 177 | Unnamed: 178 | Unnamed: 179 | Unnamed: 180 | Unnamed: 181 | Unnamed: 182 | Unnamed: 183 | Unnamed: 184 | Unnamed: 185 | Unnamed: 186 | Unnamed: 187 | Unnamed: 188 | Unnamed: 189 | Unnamed: 190 | Unnamed: 191 | Unnamed: 192 | Unnamed: 193 | Unnamed: 194 | Unnamed: 195 | Unnamed: 196 | Unnamed: 197 | Unnamed: 198 | Unnamed: 199 | Unnamed: 200 | Unnamed: 201 | Unnamed: 202 | Unnamed: 203 | Unnamed: 204 | Unnamed: 205 | Unnamed: 206 | Unnamed: 207 | Unnamed: 208 | Unnamed: 209 | Unnamed: 210 | Unnamed: 211 | Unnamed: 212 | Unnamed: 213 | Unnamed: 214 | Unnamed: 215 | Unnamed: 216 | Unnamed: 217 | Unnamed: 218 | Unnamed: 219 | Unnamed: 220 | Unnamed: 221 | Unnamed: 222 | Unnamed: 223 | Unnamed: 224 | Unnamed: 225 | Unnamed: 226 | Unnamed: 227 | Unnamed: 228 | Unnamed: 229 | Unnamed: 230 | Unnamed: 231 | Unnamed: 232 | Unnamed: 233 | Unnamed: 234 | Unnamed: 235 | Unnamed: 236 | Unnamed: 237 | Unnamed: 238 | Unnamed: 239 | Unnamed: 240 | Unnamed: 241 | Unnamed: 242 | Unnamed: 243 | Unnamed: 244 | Unnamed: 245 | Unnamed: 246 | Unnamed: 247 | Unnamed: 248 | Unnamed: 249 | Unnamed: 250 | Unnamed: 251 | Unnamed: 252 | Unnamed: 253 | Unnamed: 254 | Unnamed: 255 | Unnamed: 256 | Unnamed: 257 | Unnamed: 258 | Unnamed: 259 | Unnamed: 260 | Unnamed: 261 | Unnamed: 262 | Unnamed: 263 | Unnamed: 264 | Unnamed: 265 | Unnamed: 266 | Unnamed: 267 | Unnamed: 268 | Unnamed: 269 | Unnamed: 270 | Unnamed: 271 | Unnamed: 272 | Unnamed: 273 | Unnamed: 274 | Unnamed: 275 | Unnamed: 276 | Unnamed: 277 | Unnamed: 278 | Unnamed: 279 | Unnamed: 280 | Unnamed: 281 | Unnamed: 282 | Unnamed: 283 | Unnamed: 284 | Unnamed: 285 | Unnamed: 286 | Unnamed: 287 | Unnamed: 288 | Unnamed: 289 | Unnamed: 290 | Unnamed: 291 | Unnamed: 292 | Unnamed: 293 | Unnamed: 294 | Unnamed: 295 | Unnamed: 296 | Unnamed: 297 | Unnamed: 298 | Unnamed: 299 | Unnamed: 300 | Unnamed: 301 | Unnamed: 302 | Unnamed: 303 | Unnamed: 304 | Unnamed: 305 | Unnamed: 306 | Unnamed: 307 | Unnamed: 308 | Unnamed: 309 | Unnamed: 310 | Unnamed: 311 | Unnamed: 312 | Unnamed: 313 | Unnamed: 314 | Unnamed: 315 | Unnamed: 316 | Unnamed: 317 | Unnamed: 318 | Unnamed: 319 | Unnamed: 320 | Unnamed: 321 | Unnamed: 322 | Unnamed: 323 | Unnamed: 324 | Unnamed: 325 | Unnamed: 326 | Unnamed: 327 | Unnamed: 328 | Unnamed: 329 | Unnamed: 330 | Unnamed: 331 | Unnamed: 332 | Unnamed: 333 | Unnamed: 334 | Unnamed: 335 | Unnamed: 336 | Unnamed: 337 | Unnamed: 338 | Unnamed: 339 | Unnamed: 340 | Unnamed: 341 | Unnamed: 342 | Unnamed: 343 | Unnamed: 344 | Unnamed: 345 | Unnamed: 346 | Unnamed: 347 | Unnamed: 348 | Unnamed: 349 | Unnamed: 350 | Unnamed: 351 | Unnamed: 352 | Unnamed: 353 | Unnamed: 354 | Unnamed: 355 | Unnamed: 356 | Unnamed: 357 | Unnamed: 358 | Unnamed: 359 | Unnamed: 360 | Unnamed: 361 | Unnamed: 362 | Unnamed: 363 | Unnamed: 364 | Unnamed: 365 | Unnamed: 366 | Unnamed: 367 | Unnamed: 368 | Unnamed: 369 | Unnamed: 370 | Unnamed: 371 | Unnamed: 372 | Unnamed: 373 | Unnamed: 374 | Unnamed: 375 | Unnamed: 376 | Unnamed: 377 | Unnamed: 378 | Unnamed: 379 | Unnamed: 380 | Unnamed: 381 | Unnamed: 382 | Unnamed: 383 | Unnamed: 384 | Unnamed: 385 | Unnamed: 386 | Unnamed: 387 | Unnamed: 388 | Unnamed: 389 | Unnamed: 390 | Unnamed: 391 | Unnamed: 392 | Unnamed: 393 | Unnamed: 394 | Unnamed: 395 | Unnamed: 396 | Unnamed: 397 | Unnamed: 398 | Unnamed: 399 | Unnamed: 400 | Unnamed: 401 | Unnamed: 402 | Unnamed: 403 | Unnamed: 404 | Unnamed: 405 | Unnamed: 406 | Unnamed: 407 | Unnamed: 408 | Unnamed: 409 | Unnamed: 410 | Unnamed: 411 | Unnamed: 412 | Unnamed: 413 | Unnamed: 414 | Unnamed: 415 | Unnamed: 416 | Unnamed: 417 | Unnamed: 418 | Unnamed: 419 | Unnamed: 420 | Unnamed: 421 | Unnamed: 422 | Unnamed: 423 | Unnamed: 424 | Unnamed: 425 | Unnamed: 426 | Unnamed: 427 | Unnamed: 428 | Unnamed: 429 | Unnamed: 430 | Unnamed: 431 | Unnamed: 432 | Unnamed: 433 | Unnamed: 434 | Unnamed: 435 | Unnamed: 436 | Unnamed: 437 | Unnamed: 438 | Unnamed: 439 | Unnamed: 440 | Unnamed: 441 | Unnamed: 442 | Unnamed: 443 | Unnamed: 444 | Unnamed: 445 | Unnamed: 446 | Unnamed: 447 | Unnamed: 448 | Unnamed: 449 | Unnamed: 450 | Unnamed: 451 | Unnamed: 452 | Unnamed: 453 | Unnamed: 454 | Unnamed: 455 | Unnamed: 456 | Unnamed: 457 | Unnamed: 458 | Unnamed: 459 | Unnamed: 460 | Unnamed: 461 | Unnamed: 462 | Unnamed: 463 | Unnamed: 464 | Unnamed: 465 | Unnamed: 466 | Unnamed: 467 | Unnamed: 468 | Unnamed: 469 | Unnamed: 470 | Unnamed: 471 | Unnamed: 472 | Unnamed: 473 | Unnamed: 474 | Unnamed: 475 | Unnamed: 476 | Unnamed: 477 | Unnamed: 478 | Unnamed: 479 | Unnamed: 480 | Unnamed: 481 | Unnamed: 482 | Unnamed: 483 | Unnamed: 484 | Unnamed: 485 | Unnamed: 486 | Unnamed: 487 | Unnamed: 488 | Unnamed: 489 | Unnamed: 490 | Unnamed: 491 | Unnamed: 492 | Unnamed: 493 | Unnamed: 494 | Unnamed: 495 | Unnamed: 496 | Unnamed: 497 | Unnamed: 498 | Unnamed: 499 | Unnamed: 500 | Unnamed: 501 | Unnamed: 502 | Unnamed: 503 | Unnamed: 504 | Unnamed: 505 | Unnamed: 506 | Unnamed: 507 | Unnamed: 508 | Unnamed: 509 | Unnamed: 510 | Unnamed: 511 | Unnamed: 512 | Unnamed: 513 | Unnamed: 514 | Unnamed: 515 | Unnamed: 516 | Unnamed: 517 | Unnamed: 518 | Unnamed: 519 | Unnamed: 520 | Unnamed: 521 | Unnamed: 522 | Unnamed: 523 | Unnamed: 524 | Unnamed: 525 | Unnamed: 526 | Unnamed: 527 | Unnamed: 528 | Unnamed: 529 | Unnamed: 530 | Unnamed: 531 | Unnamed: 532 | Unnamed: 533 | Unnamed: 534 | Unnamed: 535 | Unnamed: 536 | Unnamed: 537 | Unnamed: 538 | Unnamed: 539 | Unnamed: 540 | Unnamed: 541 | Unnamed: 542 | Unnamed: 543 | Unnamed: 544 | Unnamed: 545 | Unnamed: 546 | Unnamed: 547 | Unnamed: 548 | Unnamed: 549 | Unnamed: 550 | Unnamed: 551 | Unnamed: 552 | Unnamed: 553 | Unnamed: 554 | Unnamed: 555 | Unnamed: 556 | Unnamed: 557 | Unnamed: 558 | Unnamed: 559 | Unnamed: 560 | Unnamed: 561 | Unnamed: 562 | Unnamed: 563 | Unnamed: 564 | Unnamed: 565 | Unnamed: 566 | Unnamed: 567 | Unnamed: 568 | Unnamed: 569 | Unnamed: 570 | Unnamed: 571 | Unnamed: 572 | Unnamed: 573 | Unnamed: 574 | Unnamed: 575 | Unnamed: 576 | Unnamed: 577 | Unnamed: 578 | Unnamed: 579 | Unnamed: 580 | Unnamed: 581 | Unnamed: 582 | Unnamed: 583 | Unnamed: 584 | Unnamed: 585 | Unnamed: 586 | Unnamed: 587 | Unnamed: 588 | Unnamed: 589 | Unnamed: 590 | Unnamed: 591 | Unnamed: 592 | Unnamed: 593 | Unnamed: 594 | Unnamed: 595 | Unnamed: 596 | Unnamed: 597 | Unnamed: 598 | Unnamed: 599 | Unnamed: 600 | Unnamed: 601 | Unnamed: 602 | Unnamed: 603 | Unnamed: 604 | Unnamed: 605 | Unnamed: 606 | Unnamed: 607 | Unnamed: 608 | Unnamed: 609 | Unnamed: 610 | Unnamed: 611 | Unnamed: 612 | Unnamed: 613 | Unnamed: 614 | Unnamed: 615 | Unnamed: 616 | Unnamed: 617 | Unnamed: 618 | Unnamed: 619 | Unnamed: 620 | Unnamed: 621 | Unnamed: 622 | Unnamed: 623 | Unnamed: 624 | Unnamed: 625 | Unnamed: 626 | Unnamed: 627 | Unnamed: 628 | Unnamed: 629 | Unnamed: 630 | Unnamed: 631 | Unnamed: 632 | Unnamed: 633 | Unnamed: 634 | Unnamed: 635 | Unnamed: 636 | Unnamed: 637 | Unnamed: 638 | Unnamed: 639 | Unnamed: 640 | Unnamed: 641 | Unnamed: 642 | Unnamed: 643 | Unnamed: 644 | Unnamed: 645 | Unnamed: 646 | Unnamed: 647 | Unnamed: 648 | Unnamed: 649 | Unnamed: 650 | Unnamed: 651 | Unnamed: 652 | Unnamed: 653 | Unnamed: 654 | Unnamed: 655 | Unnamed: 656 | Unnamed: 657 | Unnamed: 658 | Unnamed: 659 | Unnamed: 660 | Unnamed: 661 | Unnamed: 662 | Unnamed: 663 | Unnamed: 664 | Unnamed: 665 | Unnamed: 666 | Unnamed: 667 | Unnamed: 668 | Unnamed: 669 | Unnamed: 670 | Unnamed: 671 | Unnamed: 672 | Unnamed: 673 | Unnamed: 674 | Unnamed: 675 | Unnamed: 676 | Unnamed: 677 | Unnamed: 678 | Unnamed: 679 | Unnamed: 680 | Unnamed: 681 | Unnamed: 682 | Unnamed: 683 | Unnamed: 684 | Unnamed: 685 | Unnamed: 686 | Unnamed: 687 | Unnamed: 688 | Unnamed: 689 | Unnamed: 690 | Unnamed: 691 | Unnamed: 692 | Unnamed: 693 | Unnamed: 694 | Unnamed: 695 | Unnamed: 696 | Unnamed: 697 | Unnamed: 698 | Unnamed: 699 | Unnamed: 700 | Unnamed: 701 | Unnamed: 702 | Unnamed: 703 | Unnamed: 704 | Unnamed: 705 | Unnamed: 706 | Unnamed: 707 | Unnamed: 708 | Unnamed: 709 | Unnamed: 710 | Unnamed: 711 | Unnamed: 712 | Unnamed: 713 | Unnamed: 714 | Unnamed: 715 | Unnamed: 716 | Unnamed: 717 | Unnamed: 718 | Unnamed: 719 | Unnamed: 720 | Unnamed: 721 | Unnamed: 722 | Unnamed: 723 | Unnamed: 724 | Unnamed: 725 | Unnamed: 726 | Unnamed: 727 | Unnamed: 728 | Unnamed: 729 | Unnamed: 730 | Unnamed: 731 | Unnamed: 732 | Unnamed: 733 | Unnamed: 734 | Unnamed: 735 | Unnamed: 736 | Unnamed: 737 | Unnamed: 738 | Unnamed: 739 | Unnamed: 740 | Unnamed: 741 | Unnamed: 742 | Unnamed: 743 | Unnamed: 744 | Unnamed: 745 | Unnamed: 746 | Unnamed: 747 | Unnamed: 748 | Unnamed: 749 | Unnamed: 750 | Unnamed: 751 | Unnamed: 752 | Unnamed: 753 | Unnamed: 754 | Unnamed: 755 | Unnamed: 756 | Unnamed: 757 | Unnamed: 758 | Unnamed: 759 | Unnamed: 760 | Unnamed: 761 | Unnamed: 762 | Unnamed: 763 | Unnamed: 764 | Unnamed: 765 | Unnamed: 766 | Unnamed: 767 | Unnamed: 768 | Unnamed: 769 | Unnamed: 770 | Unnamed: 771 | Unnamed: 772 | Unnamed: 773 | Unnamed: 774 | Unnamed: 775 | Unnamed: 776 | Unnamed: 777 | Unnamed: 778 | Unnamed: 779 | Unnamed: 780 | Unnamed: 781 | Unnamed: 782 | Unnamed: 783 | Unnamed: 784 | Unnamed: 785 | Unnamed: 786 | Unnamed: 787 | Unnamed: 788 | Unnamed: 789 | Unnamed: 790,1
