socio,socio_key,registered_event_count,registered_event_titles,registered_event_keys,registered_event_pairs,event_interest_source_rows,event_interest_confidence
ICFO,icfo,17,A new opportunity to boost R&D&I in Spain | Anticovid Technologies Day | Aplicaciones de la luz en la cosmética | Applications of terahertz technologies | Artificial intelligence and photonics applied to industry | Bolsa de trabajo | CONNECTING SESSION B2B meetings - Sostenibilidad en el sector del agua | CPI en sector sanitario Sesión de trabajo | Conectando sistemas de sensores inteligentes para la industria agroalimentaria | Creación de Valor Compartido en el sector Deep Tech | DELVY 5 ¿Cómo organizar una ronda de financiación | Deep Tech 4 Good Barcelona | Deep Tech for Smart Agriculture | Deep Tech for Sustainable Packaging | Deep Tech y ética | Deep tech for water treatment | Deep tech para tratamiento de agua,anewopportunitytoboostranddandiinspain | anticovidtechnologiesday | aplicacionesdelaluzenlacosmtica | applicationsofterahertztechnologies | artificialintelligenceandphotonicsappliedtoindustry | bolsadetrabajo | conectandosistemasdesensoresinteligentesparalaindustriaagroalimentaria | connectingsessionb2bmeetingssostenibilidadenelsectordelagua | cpiensectorsanitariosesindetrabajo | creacindevalorcompartidoenelsectordeeptech | deeptech4goodbarcelona | deeptechforsmartagriculture | deeptechforsustainablepackaging | deeptechforwatertreatment | deeptechparatratamientodeagua | deeptechytica | delvy5cmoorganizarunarondadefinanciacin,anewopportunitytoboostranddandiinspain::A new opportunity to boost R&D&I in Spain | anticovidtechnologiesday::Anticovid Technologies Day | aplicacionesdelaluzenlacosmtica::Aplicaciones de la luz en la cosmética | applicationsofterahertztechnologies::Applications of terahertz technologies | artificialintelligenceandphotonicsappliedtoindustry::Artificial intelligence and photonics applied to industry | bolsadetrabajo::Bolsa de trabajo | conectandosistemasdesensoresinteligentesparalaindustriaagroalimentaria::Conectando sistemas de sensores inteligentes para la industria agroalimentaria | connectingsessionb2bmeetingssostenibilidadenelsectordelagua::CONNECTING SESSION B2B meetings - Sostenibilidad en el sector del agua | cpiensectorsanitariosesindetrabajo::CPI en sector sanitario Sesión de trabajo | creacindevalorcompartidoenelsectordeeptech::Creación de Valor Compartido en el sector Deep Tech | deeptech4goodbarcelona::Deep Tech 4 Good Barcelona | deeptechforsmartagriculture::Deep Tech for Smart Agriculture | deeptechforsustainablepackaging::Deep Tech for Sustainable Packaging | deeptechforwatertreatment::Deep tech for water treatment | deeptechparatratamientodeagua::Deep tech para tratamiento de agua | deeptechytica::Deep Tech y ética | delvy5cmoorganizarunarondadefinanciacin::DELVY 5 ¿Cómo organizar una ronda de financiación,26,medium
Hamamatsu Photonics,hamamatsuphotonics,15,10 Reunión anual secpho | AI for Industry International Congress | Aplicaciones de las tecnologías de terahercios | Aplicación de la espectroscopia a la cadena de valor del aceite | Automatización del proceso de corte con láser mediante fabricación aditiva con termoplásticos | CONNECTING SESSION B2B meetings - Sostenibilidad en el sector del agua | CUSTODIAN Webinar Soluciones de láser industrial - mejor eficiencia y menores costes | Conectando sistemas de sensores inteligentes para la industria agroalimentaria | DELVY 5 ¿Cómo organizar una ronda de financiación | Deep Tech for Smart Agriculture | Deep Tech for Sustainable Packaging | Deep Tech para un envasado sostenible | Deep Tech para una agricultura inteligente | Deep Tech y ética | Deep tech para tratamiento de agua,10reuninanualsecpho | aiforindustryinternationalcongress | aplicacindelaespectroscopiaalacadenadevalordelaceite | aplicacionesdelastecnologasdeterahercios | automatizacindelprocesodecorteconlsermediantefabricacinaditivacontermoplsticos | conectandosistemasdesensoresinteligentesparalaindustriaagroalimentaria | connectingsessionb2bmeetingssostenibilidadenelsectordelagua | custodianwebinarsolucionesdelserindustrialmejoreficienciaymenorescostes | deeptechforsmartagriculture | deeptechforsustainablepackaging | deeptechparatratamientodeagua | deeptechparaunaagriculturainteligente | deeptechparaunenvasadosostenible | deeptechytica | delvy5cmoorganizarunarondadefinanciacin,10reuninanualsecpho::10 Reunión anual secpho | aiforindustryinternationalcongress::AI for Industry International Congress | aplicacindelaespectroscopiaalacadenadevalordelaceite::Aplicación de la espectroscopia a la cadena de valor del aceite | aplicacionesdelastecnologasdeterahercios::Aplicaciones de las tecnologías de terahercios | automatizacindelprocesodecorteconlsermediantefabricacinaditivacontermoplsticos::Automatización del proceso de corte con láser mediante fabricación aditiva con termoplásticos | conectandosistemasdesensoresinteligentesparalaindustriaagroalimentaria::Conectando sistemas de sensores inteligentes para la industria agroalimentaria | connectingsessionb2bmeetingssostenibilidadenelsectordelagua::CONNECTING SESSION B2B meetings - Sostenibilidad en el sector del agua | custodianwebinarsolucionesdelserindustrialmejoreficienciaymenorescostes::CUSTODIAN Webinar Soluciones de láser industrial - mejor eficiencia y menores costes | deeptechforsmartagriculture::Deep Tech for Smart Agriculture | deeptechforsustainablepackaging::Deep Tech for Sustainable Packaging | deeptechparatratamientodeagua::Deep tech para tratamiento de agua | deeptechparaunaagriculturainteligente::Deep Tech para una agricultura inteligente | deeptechparaunenvasadosostenible::Deep Tech para un envasado sostenible | deeptechytica::Deep Tech y ética | delvy5cmoorganizarunarondadefinanciacin::DELVY 5 ¿Cómo organizar una ronda de financiación,20,high
AINIA,ainia,14,Agritech and foodtech online fair | Aplicaciones de la Luz para la Industria Aeroespacial | Aplicaciones de la luz en la cosmética | Aplicaciones de las tecnologías de terahercios | BLOCK4coop Blockchain para la transformación digital de la Industria 4.0 | Branding para Pymes Best Practices | CONNECTING SESSION B2B meeting - Industria 4.0 en sector alimentario | CONNECTING SESSION B2B meetings - Sostenibilidad en el sector del agua | Conectando sistemas de sensores inteligentes para la industria agroalimentaria | Deep Tech for Sustainable Packaging | Deep Tech para un envasado sostenible | Deep Tech para una agricultura inteligente | Deep Tech y ética | Listeria 0 Tecnologías disruptivas en la industria del ibérico para garantizar la seguridad alimentaria,agritechandfoodtechonlinefair | aplicacionesdelaluzenlacosmtica | aplicacionesdelaluzparalaindustriaaeroespacial | aplicacionesdelastecnologasdeterahercios | block4coopblockchainparalatransformacindigitaldelaindustria40 | brandingparapymesbestpractices | conectandosistemasdesensoresinteligentesparalaindustriaagroalimentaria | connectingsessionb2bmeetingindustria40ensectoralimentario | connectingsessionb2bmeetingssostenibilidadenelsectordelagua | deeptechforsustainablepackaging | deeptechparaunaagriculturainteligente | deeptechparaunenvasadosostenible | deeptechytica | listeria0tecnologasdisruptivasenlaindustriadelibricoparagarantizarlaseguridadalimentaria,agritechandfoodtechonlinefair::Agritech and foodtech online fair | aplicacionesdelaluzenlacosmtica::Aplicaciones de la luz en la cosmética | aplicacionesdelaluzparalaindustriaaeroespacial::Aplicaciones de la Luz para la Industria Aeroespacial | aplicacionesdelastecnologasdeterahercios::Aplicaciones de las tecnologías de terahercios | block4coopblockchainparalatransformacindigitaldelaindustria40::BLOCK4coop Blockchain para la transformación digital de la Industria 4.0 | brandingparapymesbestpractices::Branding para Pymes Best Practices | conectandosistemasdesensoresinteligentesparalaindustriaagroalimentaria::Conectando sistemas de sensores inteligentes para la industria agroalimentaria | connectingsessionb2bmeetingindustria40ensectoralimentario::CONNECTING SESSION B2B meeting - Industria 4.0 en sector alimentario | connectingsessionb2bmeetingssostenibilidadenelsectordelagua::CONNECTING SESSION B2B meetings - Sostenibilidad en el sector del agua | deeptechforsustainablepackaging::Deep Tech for Sustainable Packaging | deeptechparaunaagriculturainteligente::Deep Tech para una agricultura inteligente | deeptechparaunenvasadosostenible::Deep Tech para un envasado sostenible | deeptechytica::Deep Tech y ética | listeria0tecnologasdisruptivasenlaindustriadelibricoparagarantizarlaseguridadalimentaria::Listeria 0 Tecnologías disruptivas en la industria del ibérico para garantizar la seguridad alimentaria,28,medium
Tekniker,tekniker,14,10 Reunión anual secpho | 31BIEMH Cena de Networking | AI for Industry International Congress | Algoritmos de IA para diseñar vestimenta de camuflaje | Anticovid Technologies Day | Aplicaciones de la Luz para la Industria Aeroespacial | Aplicaciones de robótica móvil colaborativa para la industria 4.0 | Aplicación de la espectroscopia a la cadena de valor del aceite | Aplicación de las tecnologías de la luz en la gestión del agua urbana e industrial | Artificial intelligence and photonics applied to industry | CONNECTING SESSION B2B meeting - Industria 4.0 en sector alimentario | Conectando sistemas de sensores inteligentes para la industria agroalimentaria | Deep tech para tratamiento de agua | Listeria 0 Tecnologías disruptivas en la industria del ibérico para garantizar la seguridad alimentaria,10reuninanualsecpho | 31biemhcenadenetworking | aiforindustryinternationalcongress | algoritmosdeiaparadisearvestimentadecamuflaje | anticovidtechnologiesday | aplicacindelaespectroscopiaalacadenadevalordelaceite | aplicacindelastecnologasdelaluzenlagestindelaguaurbanaeindustrial | aplicacionesdelaluzparalaindustriaaeroespacial | aplicacionesderobticamvilcolaborativaparalaindustria40 | artificialintelligenceandphotonicsappliedtoindustry | conectandosistemasdesensoresinteligentesparalaindustriaagroalimentaria | connectingsessionb2bmeetingindustria40ensectoralimentario | deeptechparatratamientodeagua | listeria0tecnologasdisruptivasenlaindustriadelibricoparagarantizarlaseguridadalimentaria,10reuninanualsecpho::10 Reunión anual secpho | 31biemhcenadenetworking::31BIEMH Cena de Networking | aiforindustryinternationalcongress::AI for Industry International Congress | algoritmosdeiaparadisearvestimentadecamuflaje::Algoritmos de IA para diseñar vestimenta de camuflaje | anticovidtechnologiesday::Anticovid Technologies Day | aplicacindelaespectroscopiaalacadenadevalordelaceite::Aplicación de la espectroscopia a la cadena de valor del aceite | aplicacindelastecnologasdelaluzenlagestindelaguaurbanaeindustrial::Aplicación de las tecnologías de la luz en la gestión del agua urbana e industrial | aplicacionesdelaluzparalaindustriaaeroespacial::Aplicaciones de la Luz para la Industria Aeroespacial | aplicacionesderobticamvilcolaborativaparalaindustria40::Aplicaciones de robótica móvil colaborativa para la industria 4.0 | artificialintelligenceandphotonicsappliedtoindustry::Artificial intelligence and photonics applied to industry | conectandosistemasdesensoresinteligentesparalaindustriaagroalimentaria::Conectando sistemas de sensores inteligentes para la industria agroalimentaria | connectingsessionb2bmeetingindustria40ensectoralimentario::CONNECTING SESSION B2B meeting - Industria 4.0 en sector alimentario | deeptechparatratamientodeagua::Deep tech para tratamiento de agua | listeria0tecnologasdisruptivasenlaindustriadelibricoparagarantizarlaseguridadalimentaria::Listeria 0 Tecnologías disruptivas en la industria del ibérico para garantizar la seguridad alimentaria,19,medium
AIMEN Centro Tecnológico,aimencentrotecnologico,11,Aplicaciones de la Luz para la Industria Aeroespacial | Aplicaciones de las tecnologías de terahercios | Aplicación de las tecnologías de la luz en la gestión del agua urbana e industrial | Automatización del proceso de corte con láser mediante fabricación aditiva con termoplásticos | Branding para Pymes Best Practices | CONNECTING SESSION B2B meetings - Sostenibilidad en el sector del agua | CUSTODIAN Webinar Industrial laser solutions for better efficiency and lower costs | CUSTODIAN Webinar Soluciones de láser industrial - mejor eficiencia y menores costes | Conectando sistemas de sensores inteligentes para la industria agroalimentaria | Deep Tech Talent Best Practices | Deep tech para tratamiento de agua,aplicacindelastecnologasdelaluzenlagestindelaguaurbanaeindustrial | aplicacionesdelaluzparalaindustriaaeroespacial | aplicacionesdelastecnologasdeterahercios | automatizacindelprocesodecorteconlsermediantefabricacinaditivacontermoplsticos | brandingparapymesbestpractices | conectandosistemasdesensoresinteligentesparalaindustriaagroalimentaria | connectingsessionb2bmeetingssostenibilidadenelsectordelagua | custodianwebinarindustriallasersolutionsforbetterefficiencyandlowercosts | custodianwebinarsolucionesdelserindustrialmejoreficienciaymenorescostes | deeptechparatratamientodeagua | deeptechtalentbestpractices,aplicacindelastecnologasdelaluzenlagestindelaguaurbanaeindustrial::Aplicación de las tecnologías de la luz en la gestión del agua urbana e industrial | aplicacionesdelaluzparalaindustriaaeroespacial::Aplicaciones de la Luz para la Industria Aeroespacial | aplicacionesdelastecnologasdeterahercios::Aplicaciones de las tecnologías de terahercios | automatizacindelprocesodecorteconlsermediantefabricacinaditivacontermoplsticos::Automatización del proceso de corte con láser mediante fabricación aditiva con termoplásticos | brandingparapymesbestpractices::Branding para Pymes Best Practices | conectandosistemasdesensoresinteligentesparalaindustriaagroalimentaria::Conectando sistemas de sensores inteligentes para la industria agroalimentaria | connectingsessionb2bmeetingssostenibilidadenelsectordelagua::CONNECTING SESSION B2B meetings - Sostenibilidad en el sector del agua | custodianwebinarindustriallasersolutionsforbetterefficiencyandlowercosts::CUSTODIAN Webinar Industrial laser solutions for better efficiency and lower costs | custodianwebinarsolucionesdelserindustrialmejoreficienciaymenorescostes::CUSTODIAN Webinar Soluciones de láser industrial - mejor eficiencia y menores costes | deeptechparatratamientodeagua::Deep tech para tratamiento de agua | deeptechtalentbestpractices::Deep Tech Talent Best Practices,12,high
ICMAB – CSIC,icmabcsic,11,Anticovid Technologies Day | CONNECTING SESSION B2B meetings - Sostenibilidad en el sector del agua | CPI en sector sanitario Sesión de trabajo | Cómo organizar tu evento en Koonstel | Cómo organizar tu evento en Koonstel 2 | DELVY 5 ¿Cómo organizar una ronda de financiación | Deep Tech Talent Best Practices | Deep Tech para una agricultura inteligente | Deep Tech y ética | Deep tech para tratamiento de agua | Deep tech para una energía sostenible,anticovidtechnologiesday | cmoorganizartueventoenkoonstel | cmoorganizartueventoenkoonstel2 | connectingsessionb2bmeetingssostenibilidadenelsectordelagua | cpiensectorsanitariosesindetrabajo | deeptechparatratamientodeagua | deeptechparaunaagriculturainteligente | deeptechparaunaenergasostenible | deeptechtalentbestpractices | deeptechytica | delvy5cmoorganizarunarondadefinanciacin,anticovidtechnologiesday::Anticovid Technologies Day | cmoorganizartueventoenkoonstel2::Cómo organizar tu evento en Koonstel 2 | cmoorganizartueventoenkoonstel::Cómo organizar tu evento en Koonstel | connectingsessionb2bmeetingssostenibilidadenelsectordelagua::CONNECTING SESSION B2B meetings - Sostenibilidad en el sector del agua | cpiensectorsanitariosesindetrabajo::CPI en sector sanitario Sesión de trabajo | deeptechparatratamientodeagua::Deep tech para tratamiento de agua | deeptechparaunaagriculturainteligente::Deep Tech para una agricultura inteligente | deeptechparaunaenergasostenible::Deep tech para una energía sostenible | deeptechtalentbestpractices::Deep Tech Talent Best Practices | deeptechytica::Deep Tech y ética | delvy5cmoorganizarunarondadefinanciacin::DELVY 5 ¿Cómo organizar una ronda de financiación,16,medium
Alba Synchrotron,albasynchrotron,10,Agritech and foodtech online fair | Anticovid Technologies Day | Aplicaciones de la Luz para la Industria Aeroespacial | Aplicaciones de la luz en la cosmética | Aplicación de la espectroscopia a la cadena de valor del aceite | Aplicación de las Deep Tech a la Arqueología y el Patrimonio Cultural | Aplicación de las tecnologías de la luz en la gestión del agua urbana e industrial | CONNECTING SESSION B2B meeting - Industria 4.0 en sector alimentario | CONNECTING SESSION B2B meetings - Sostenibilidad en el sector del agua | Cómo innovar con el Sincrotrón ALBA,agritechandfoodtechonlinefair | anticovidtechnologiesday | aplicacindelaespectroscopiaalacadenadevalordelaceite | aplicacindelasdeeptechalaarqueologayelpatrimoniocultural | aplicacindelastecnologasdelaluzenlagestindelaguaurbanaeindustrial | aplicacionesdelaluzenlacosmtica | aplicacionesdelaluzparalaindustriaaeroespacial | cmoinnovarconelsincrotrnalba | connectingsessionb2bmeetingindustria40ensectoralimentario | connectingsessionb2bmeetingssostenibilidadenelsectordelagua,agritechandfoodtechonlinefair::Agritech and foodtech online fair | anticovidtechnologiesday::Anticovid Technologies Day | aplicacindelaespectroscopiaalacadenadevalordelaceite::Aplicación de la espectroscopia a la cadena de valor del aceite | aplicacindelasdeeptechalaarqueologayelpatrimoniocultural::Aplicación de las Deep Tech a la Arqueología y el Patrimonio Cultural | aplicacindelastecnologasdelaluzenlagestindelaguaurbanaeindustrial::Aplicación de las tecnologías de la luz en la gestión del agua urbana e industrial | aplicacionesdelaluzenlacosmtica::Aplicaciones de la luz en la cosmética | aplicacionesdelaluzparalaindustriaaeroespacial::Aplicaciones de la Luz para la Industria Aeroespacial | cmoinnovarconelsincrotrnalba::Cómo innovar con el Sincrotrón ALBA | connectingsessionb2bmeetingindustria40ensectoralimentario::CONNECTING SESSION B2B meeting - Industria 4.0 en sector alimentario | connectingsessionb2bmeetingssostenibilidadenelsectordelagua::CONNECTING SESSION B2B meetings - Sostenibilidad en el sector del agua,13,medium
Leitat,leitat,10,AI for Industry International Congress | Anticovid Technologies Day | Automatización del proceso de corte con láser mediante fabricación aditiva con termoplásticos | CPI en sector sanitario Sesión de trabajo | Conectando sistemas de sensores inteligentes para la industria agroalimentaria | Deep Tech para un envasado sostenible | Deep Tech para una agricultura inteligente | Deep tech for water treatment | Deep tech para tratamiento de agua | Deep tech para una energía sostenible,aiforindustryinternationalcongress | anticovidtechnologiesday | automatizacindelprocesodecorteconlsermediantefabricacinaditivacontermoplsticos | conectandosistemasdesensoresinteligentesparalaindustriaagroalimentaria | cpiensectorsanitariosesindetrabajo | deeptechforwatertreatment | deeptechparatratamientodeagua | deeptechparaunaagriculturainteligente | deeptechparaunaenergasostenible | deeptechparaunenvasadosostenible,aiforindustryinternationalcongress::AI for Industry International Congress | anticovidtechnologiesday::Anticovid Technologies Day | automatizacindelprocesodecorteconlsermediantefabricacinaditivacontermoplsticos::Automatización del proceso de corte con láser mediante fabricación aditiva con termoplásticos | conectandosistemasdesensoresinteligentesparalaindustriaagroalimentaria::Conectando sistemas de sensores inteligentes para la industria agroalimentaria | cpiensectorsanitariosesindetrabajo::CPI en sector sanitario Sesión de trabajo | deeptechforwatertreatment::Deep tech for water treatment | deeptechparatratamientodeagua::Deep tech para tratamiento de agua | deeptechparaunaagriculturainteligente::Deep Tech para una agricultura inteligente | deeptechparaunaenergasostenible::Deep tech para una energía sostenible | deeptechparaunenvasadosostenible::Deep Tech para un envasado sostenible,23,medium
AsorCAD Engineering,asorcadengineering,9,10 Reunión anual secpho | 31BIEMH Cena de Networking | AI for Industry International Congress | Aplicaciones de la Luz para la Industria Aeroespacial | Aplicación de las Deep Tech a la Arqueología y el Patrimonio Cultural | BACH Tech Week Burgos Technology in Archeology and Cultural Heritage Week | Barcelona Photonics Dinner | CPI en sector sanitario Sesión de trabajo | Deep Tech Talent Best Practices,10reuninanualsecpho | 31biemhcenadenetworking | aiforindustryinternationalcongress | aplicacindelasdeeptechalaarqueologayelpatrimoniocultural | aplicacionesdelaluzparalaindustriaaeroespacial | bachtechweekburgostechnologyinarcheologyandculturalheritageweek | barcelonaphotonicsdinner | cpiensectorsanitariosesindetrabajo | deeptechtalentbestpractices,10reuninanualsecpho::10 Reunión anual secpho | 31biemhcenadenetworking::31BIEMH Cena de Networking | aiforindustryinternationalcongress::AI for Industry International Congress | aplicacindelasdeeptechalaarqueologayelpatrimoniocultural::Aplicación de las Deep Tech a la Arqueología y el Patrimonio Cultural | aplicacionesdelaluzparalaindustriaaeroespacial::Aplicaciones de la Luz para la Industria Aeroespacial | bachtechweekburgostechnologyinarcheologyandculturalheritageweek::BACH Tech Week Burgos Technology in Archeology and Cultural Heritage Week | barcelonaphotonicsdinner::Barcelona Photonics Dinner | cpiensectorsanitariosesindetrabajo::CPI en sector sanitario Sesión de trabajo | deeptechtalentbestpractices::Deep Tech Talent Best Practices,11,high
Tecnalia,tecnalia,9,31BIEMH Cena de Networking | Aplicaciones de la luz en la cosmética | Aplicaciones de las tecnologías de terahercios | CPI en sector sanitario Sesión de trabajo | Conectando sistemas de sensores inteligentes para la industria agroalimentaria | DELVY 7 Financiación alternativa a la financiación bancaria | Deep Tech para una agricultura inteligente | Deep Tech y ética | Listeria 0 Tecnologías disruptivas en la industria del ibérico para garantizar la seguridad alimentaria,31biemhcenadenetworking | aplicacionesdelaluzenlacosmtica | aplicacionesdelastecnologasdeterahercios | conectandosistemasdesensoresinteligentesparalaindustriaagroalimentaria | cpiensectorsanitariosesindetrabajo | deeptechparaunaagriculturainteligente | deeptechytica | delvy7financiacinalternativaalafinanciacinbancaria | listeria0tecnologasdisruptivasenlaindustriadelibricoparagarantizarlaseguridadalimentaria,31biemhcenadenetworking::31BIEMH Cena de Networking | aplicacionesdelaluzenlacosmtica::Aplicaciones de la luz en la cosmética | aplicacionesdelastecnologasdeterahercios::Aplicaciones de las tecnologías de terahercios | conectandosistemasdesensoresinteligentesparalaindustriaagroalimentaria::Conectando sistemas de sensores inteligentes para la industria agroalimentaria | cpiensectorsanitariosesindetrabajo::CPI en sector sanitario Sesión de trabajo | deeptechparaunaagriculturainteligente::Deep Tech para una agricultura inteligente | deeptechytica::Deep Tech y ética | delvy7financiacinalternativaalafinanciacinbancaria::DELVY 7 Financiación alternativa a la financiación bancaria | listeria0tecnologasdisruptivasenlaindustriadelibricoparagarantizarlaseguridadalimentaria::Listeria 0 Tecnologías disruptivas en la industria del ibérico para garantizar la seguridad alimentaria,15,high
Aotech,aotech,8,Agritech and foodtech online fair | Aplicaciones de robótica móvil colaborativa para la industria 4.0 | CONNECTING SESSION B2B meeting - Industria 4.0 en sector alimentario | CONNECTING SESSION B2B meeting - Sostenibilidad en el sector del agua | Cómo organizar tu evento en Koonstel | Cómo organizar tu evento en Koonstel 2 | Deep tech para tratamiento de agua | Listeria 0 Tecnologías disruptivas en la industria del ibérico para garantizar la seguridad alimentaria,agritechandfoodtechonlinefair | aplicacionesderobticamvilcolaborativaparalaindustria40 | cmoorganizartueventoenkoonstel | cmoorganizartueventoenkoonstel2 | connectingsessionb2bmeetingindustria40ensectoralimentario | connectingsessionb2bmeetingsostenibilidadenelsectordelagua | deeptechparatratamientodeagua | listeria0tecnologasdisruptivasenlaindustriadelibricoparagarantizarlaseguridadalimentaria,agritechandfoodtechonlinefair::Agritech and foodtech online fair | aplicacionesderobticamvilcolaborativaparalaindustria40::Aplicaciones de robótica móvil colaborativa para la industria 4.0 | cmoorganizartueventoenkoonstel2::Cómo organizar tu evento en Koonstel 2 | cmoorganizartueventoenkoonstel::Cómo organizar tu evento en Koonstel | connectingsessionb2bmeetingindustria40ensectoralimentario::CONNECTING SESSION B2B meeting - Industria 4.0 en sector alimentario | connectingsessionb2bmeetingsostenibilidadenelsectordelagua::CONNECTING SESSION B2B meeting - Sostenibilidad en el sector del agua | deeptechparatratamientodeagua::Deep tech para tratamiento de agua | listeria0tecnologasdisruptivasenlaindustriadelibricoparagarantizarlaseguridadalimentaria::Listeria 0 Tecnologías disruptivas en la industria del ibérico para garantizar la seguridad alimentaria,9,high
Bullnet Capital,bullnetcapital,8,AI for Industry International Congress | Automatización del proceso de corte con láser mediante fabricación aditiva con termoplásticos | CPI en sector sanitario Sesión de trabajo | Creación de Valor Compartido en el sector Deep Tech | DELVY 3 Phantom Shares vs stock options | Deep Tech Talent Best Practices | Deep Tech revolution in the Post-Covid stage | Deep Tech y ética,aiforindustryinternationalcongress | automatizacindelprocesodecorteconlsermediantefabricacinaditivacontermoplsticos | cpiensectorsanitariosesindetrabajo | creacindevalorcompartidoenelsectordeeptech | deeptechrevolutioninthepostcovidstage | deeptechtalentbestpractices | deeptechytica | delvy3phantomsharesvsstockoptions,aiforindustryinternationalcongress::AI for Industry International Congress | automatizacindelprocesodecorteconlsermediantefabricacinaditivacontermoplsticos::Automatización del proceso de corte con láser mediante fabricación aditiva con termoplásticos | cpiensectorsanitariosesindetrabajo::CPI en sector sanitario Sesión de trabajo | creacindevalorcompartidoenelsectordeeptech::Creación de Valor Compartido en el sector Deep Tech | deeptechrevolutioninthepostcovidstage::Deep Tech revolution in the Post-Covid stage | deeptechtalentbestpractices::Deep Tech Talent Best Practices | deeptechytica::Deep Tech y ética | delvy3phantomsharesvsstockoptions::DELVY 3 Phantom Shares vs stock options,8,medium
CD6 – UPC,cd6upc,8,10 Reunión anual secpho | Aplicaciones de la luz en la cosmética | Branding para Pymes Best Practices | CONNECTING SESSION B2B meetings - Sostenibilidad en el sector del agua | CPI en sector sanitario Sesión de trabajo | DELVY 5 ¿Cómo organizar una ronda de financiación | Deep Tech para una agricultura inteligente | Deep Tech y ética,10reuninanualsecpho | aplicacionesdelaluzenlacosmtica | brandingparapymesbestpractices | connectingsessionb2bmeetingssostenibilidadenelsectordelagua | cpiensectorsanitariosesindetrabajo | deeptechparaunaagriculturainteligente | deeptechytica | delvy5cmoorganizarunarondadefinanciacin,10reuninanualsecpho::10 Reunión anual secpho | aplicacionesdelaluzenlacosmtica::Aplicaciones de la luz en la cosmética | brandingparapymesbestpractices::Branding para Pymes Best Practices | connectingsessionb2bmeetingssostenibilidadenelsectordelagua::CONNECTING SESSION B2B meetings - Sostenibilidad en el sector del agua | cpiensectorsanitariosesindetrabajo::CPI en sector sanitario Sesión de trabajo | deeptechparaunaagriculturainteligente::Deep Tech para una agricultura inteligente | deeptechytica::Deep Tech y ética | delvy5cmoorganizarunarondadefinanciacin::DELVY 5 ¿Cómo organizar una ronda de financiación,8,high
Radiantis,radiantis,7,10 Reunión anual secpho | Acercándonos al mercado asiático Best Practices 2 | Aplicaciones de las tecnologías de terahercios | Barcelona Biophotonics B2B Convention | Conectando sistemas de sensores inteligentes para la industria agroalimentaria | Cómo innovar con el Sincrotrón ALBA | DELVY 7 Financiación alternativa a la financiación bancaria,10reuninanualsecpho | acercndonosalmercadoasiticobestpractices2 | aplicacionesdelastecnologasdeterahercios | barcelonabiophotonicsb2bconvention | cmoinnovarconelsincrotrnalba | conectandosistemasdesensoresinteligentesparalaindustriaagroalimentaria | delvy7financiacinalternativaalafinanciacinbancaria,10reuninanualsecpho::10 Reunión anual secpho | acercndonosalmercadoasiticobestpractices2::Acercándonos al mercado asiático Best Practices 2 | aplicacionesdelastecnologasdeterahercios::Aplicaciones de las tecnologías de terahercios | barcelonabiophotonicsb2bconvention::Barcelona Biophotonics B2B Convention | cmoinnovarconelsincrotrnalba::Cómo innovar con el Sincrotrón ALBA | conectandosistemasdesensoresinteligentesparalaindustriaagroalimentaria::Conectando sistemas de sensores inteligentes para la industria agroalimentaria | delvy7financiacinalternativaalafinanciacinbancaria::DELVY 7 Financiación alternativa a la financiación bancaria,7,high
UAB,uab,7,AI for Industry International Congress | Branding para Pymes Best Practices | Conectando sistemas de sensores inteligentes para la industria agroalimentaria | Deep Tech para una agricultura inteligente | Deep Tech y ética | Listeria 0 Tecnologías disruptivas en la industria del ibérico para garantizar la seguridad alimentaria | ¿Quieres conocernos mejor,aiforindustryinternationalcongress | brandingparapymesbestpractices | conectandosistemasdesensoresinteligentesparalaindustriaagroalimentaria | deeptechparaunaagriculturainteligente | deeptechytica | listeria0tecnologasdisruptivasenlaindustriadelibricoparagarantizarlaseguridadalimentaria | quieresconocernosmejor,aiforindustryinternationalcongress::AI for Industry International Congress | brandingparapymesbestpractices::Branding para Pymes Best Practices | conectandosistemasdesensoresinteligentesparalaindustriaagroalimentaria::Conectando sistemas de sensores inteligentes para la industria agroalimentaria | deeptechparaunaagriculturainteligente::Deep Tech para una agricultura inteligente | deeptechytica::Deep Tech y ética | listeria0tecnologasdisruptivasenlaindustriadelibricoparagarantizarlaseguridadalimentaria::Listeria 0 Tecnologías disruptivas en la industria del ibérico para garantizar la seguridad alimentaria | quieresconocernosmejor::¿Quieres conocernos mejor,13,medium
VLC Photonics,vlcphotonics,7,10 Reunión anual secpho | Acercándonos al mercado asiático Best Practices 2 | Bolsa de trabajo | Branding para Pymes Best Practices | Branding para Pymes Best Practices 7 | DELVY 3 Phantom Shares vs stock options | Deep Tech Talent Best Practices 4,10reuninanualsecpho | acercndonosalmercadoasiticobestpractices2 | bolsadetrabajo | brandingparapymesbestpractices | brandingparapymesbestpractices7 | deeptechtalentbestpractices4 | delvy3phantomsharesvsstockoptions,10reuninanualsecpho::10 Reunión anual secpho | acercndonosalmercadoasiticobestpractices2::Acercándonos al mercado asiático Best Practices 2 | bolsadetrabajo::Bolsa de trabajo | brandingparapymesbestpractices7::Branding para Pymes Best Practices 7 | brandingparapymesbestpractices::Branding para Pymes Best Practices | deeptechtalentbestpractices4::Deep Tech Talent Best Practices 4 | delvy3phantomsharesvsstockoptions::DELVY 3 Phantom Shares vs stock options,11,high
2EyesVision,2eyesvision,6,Acercándonos al mercado asiático Best Practices 2 | Branding para Pymes Best Practices | Branding para Pymes Best Practices 7 | DELVY 5 ¿Cómo organizar una ronda de financiación | Deep Tech Talent Best Practices | Deep Tech Talent Best Practices 4,acercndonosalmercadoasiticobestpractices2 | brandingparapymesbestpractices | brandingparapymesbestpractices7 | deeptechtalentbestpractices | deeptechtalentbestpractices4 | delvy5cmoorganizarunarondadefinanciacin,acercndonosalmercadoasiticobestpractices2::Acercándonos al mercado asiático Best Practices 2 | brandingparapymesbestpractices7::Branding para Pymes Best Practices 7 | brandingparapymesbestpractices::Branding para Pymes Best Practices | deeptechtalentbestpractices4::Deep Tech Talent Best Practices 4 | deeptechtalentbestpractices::Deep Tech Talent Best Practices | delvy5cmoorganizarunarondadefinanciacin::DELVY 5 ¿Cómo organizar una ronda de financiación,12,high
ArcelorMittal,arcelormittal,6,AI for Industry International Congress | Aplicaciones de las tecnologías de terahercios | Conectando sistemas de sensores inteligentes para la industria agroalimentaria | Cómo organizar tu evento en Koonstel | Deep Tech para una agricultura inteligente | Deep tech para tratamiento de agua,aiforindustryinternationalcongress | aplicacionesdelastecnologasdeterahercios | cmoorganizartueventoenkoonstel | conectandosistemasdesensoresinteligentesparalaindustriaagroalimentaria | deeptechparatratamientodeagua | deeptechparaunaagriculturainteligente,aiforindustryinternationalcongress::AI for Industry International Congress | aplicacionesdelastecnologasdeterahercios::Aplicaciones de las tecnologías de terahercios | cmoorganizartueventoenkoonstel::Cómo organizar tu evento en Koonstel | conectandosistemasdesensoresinteligentesparalaindustriaagroalimentaria::Conectando sistemas de sensores inteligentes para la industria agroalimentaria | deeptechparatratamientodeagua::Deep tech para tratamiento de agua | deeptechparaunaagriculturainteligente::Deep Tech para una agricultura inteligente,12,high
Instituto de Óptica (CSIC),institutodeopticacsic,6,AI for Industry International Congress | Aplicaciones de la luz en la cosmética | Aplicaciones de las tecnologías de terahercios | Aplicación de las tecnologías de la luz en la gestión del agua urbana e industrial | CONNECTING SESSION B2B meetings - Sostenibilidad en el sector del agua | Deep Tech para una agricultura inteligente,aiforindustryinternationalcongress | aplicacindelastecnologasdelaluzenlagestindelaguaurbanaeindustrial | aplicacionesdelaluzenlacosmtica | aplicacionesdelastecnologasdeterahercios | connectingsessionb2bmeetingssostenibilidadenelsectordelagua | deeptechparaunaagriculturainteligente,aiforindustryinternationalcongress::AI for Industry International Congress | aplicacindelastecnologasdelaluzenlagestindelaguaurbanaeindustrial::Aplicación de las tecnologías de la luz en la gestión del agua urbana e industrial | aplicacionesdelaluzenlacosmtica::Aplicaciones de la luz en la cosmética | aplicacionesdelastecnologasdeterahercios::Aplicaciones de las tecnologías de terahercios | connectingsessionb2bmeetingssostenibilidadenelsectordelagua::CONNECTING SESSION B2B meetings - Sostenibilidad en el sector del agua | deeptechparaunaagriculturainteligente::Deep Tech para una agricultura inteligente,6,medium
Lubrizol,lubrizol,6,AI for Industry International Congress | Deep Tech para un envasado sostenible | Deep Tech para una agricultura inteligente | Deep tech para la energía sostenible | Deep tech para tratamiento de agua | ¿Qué problemas resuelve la metrología óptica,aiforindustryinternationalcongress | deeptechparalaenergasostenible | deeptechparatratamientodeagua | deeptechparaunaagriculturainteligente | deeptechparaunenvasadosostenible | quproblemasresuelvelametrologaptica,aiforindustryinternationalcongress::AI for Industry International Congress | deeptechparalaenergasostenible::Deep tech para la energía sostenible | deeptechparatratamientodeagua::Deep tech para tratamiento de agua | deeptechparaunaagriculturainteligente::Deep Tech para una agricultura inteligente | deeptechparaunenvasadosostenible::Deep Tech para un envasado sostenible | quproblemasresuelvelametrologaptica::¿Qué problemas resuelve la metrología óptica,7,high
Nulab,nulab,6,A new era in food security | AI for Industry International Congress | Aplicación de la espectroscopia a la cadena de valor del aceite | DELVY 3 Phantom Shares vs stock options | Deep Tech para una agricultura inteligente | ¿Quieres conocernos mejor,aiforindustryinternationalcongress | anewerainfoodsecurity | aplicacindelaespectroscopiaalacadenadevalordelaceite | deeptechparaunaagriculturainteligente | delvy3phantomsharesvsstockoptions | quieresconocernosmejor,aiforindustryinternationalcongress::AI for Industry International Congress | anewerainfoodsecurity::A new era in food security | aplicacindelaespectroscopiaalacadenadevalordelaceite::Aplicación de la espectroscopia a la cadena de valor del aceite | deeptechparaunaagriculturainteligente::Deep Tech para una agricultura inteligente | delvy3phantomsharesvsstockoptions::DELVY 3 Phantom Shares vs stock options | quieresconocernosmejor::¿Quieres conocernos mejor,8,medium
Zabala Innovation,zabalainnovation,6,10 Reunión anual secpho | AI for Industry International Congress | Acercándonos al mercado asiático Best Practices 2 | Deep Tech for Sustainable Packaging | Deep Tech para una agricultura inteligente | Listeria 0 Tecnologías disruptivas en la industria del ibérico para garantizar la seguridad alimentaria,10reuninanualsecpho | acercndonosalmercadoasiticobestpractices2 | aiforindustryinternationalcongress | deeptechforsustainablepackaging | deeptechparaunaagriculturainteligente | listeria0tecnologasdisruptivasenlaindustriadelibricoparagarantizarlaseguridadalimentaria,10reuninanualsecpho::10 Reunión anual secpho | acercndonosalmercadoasiticobestpractices2::Acercándonos al mercado asiático Best Practices 2 | aiforindustryinternationalcongress::AI for Industry International Congress | deeptechforsustainablepackaging::Deep Tech for Sustainable Packaging | deeptechparaunaagriculturainteligente::Deep Tech para una agricultura inteligente | listeria0tecnologasdisruptivasenlaindustriadelibricoparagarantizarlaseguridadalimentaria::Listeria 0 Tecnologías disruptivas en la industria del ibérico para garantizar la seguridad alimentaria,6,high
bcb,bcb,6,AI for Industry International Congress | Aplicaciones de las tecnologías de terahercios | Automatización del proceso de corte con láser mediante fabricación aditiva con termoplásticos | BACH Tech Week Burgos Technology in Archeology and Cultural Heritage Week | Deep tech para tratamiento de agua | Deep tech para una energía sostenible,aiforindustryinternationalcongress | aplicacionesdelastecnologasdeterahercios | automatizacindelprocesodecorteconlsermediantefabricacinaditivacontermoplsticos | bachtechweekburgostechnologyinarcheologyandculturalheritageweek | deeptechparatratamientodeagua | deeptechparaunaenergasostenible,aiforindustryinternationalcongress::AI for Industry International Congress | aplicacionesdelastecnologasdeterahercios::Aplicaciones de las tecnologías de terahercios | automatizacindelprocesodecorteconlsermediantefabricacinaditivacontermoplsticos::Automatización del proceso de corte con láser mediante fabricación aditiva con termoplásticos | bachtechweekburgostechnologyinarcheologyandculturalheritageweek::BACH Tech Week Burgos Technology in Archeology and Cultural Heritage Week | deeptechparatratamientodeagua::Deep tech para tratamiento de agua | deeptechparaunaenergasostenible::Deep tech para una energía sostenible,7,medium
Angulas Aguinaga,angulasaguinaga,5,Anticovid Technologies Day | Aplicaciones de las tecnologías de terahercios | Conectando sistemas de sensores inteligentes para la industria agroalimentaria | Deep Tech para un envasado sostenible | Listeria 0 Tecnologías disruptivas en la industria del ibérico para garantizar la seguridad alimentaria,anticovidtechnologiesday | aplicacionesdelastecnologasdeterahercios | conectandosistemasdesensoresinteligentesparalaindustriaagroalimentaria | deeptechparaunenvasadosostenible | listeria0tecnologasdisruptivasenlaindustriadelibricoparagarantizarlaseguridadalimentaria,anticovidtechnologiesday::Anticovid Technologies Day | aplicacionesdelastecnologasdeterahercios::Aplicaciones de las tecnologías de terahercios | conectandosistemasdesensoresinteligentesparalaindustriaagroalimentaria::Conectando sistemas de sensores inteligentes para la industria agroalimentaria | deeptechparaunenvasadosostenible::Deep Tech para un envasado sostenible | listeria0tecnologasdisruptivasenlaindustriadelibricoparagarantizarlaseguridadalimentaria::Listeria 0 Tecnologías disruptivas en la industria del ibérico para garantizar la seguridad alimentaria,7,medium
CEIT,ceit,5,AI for Industry International Congress | Aplicaciones de las tecnologías de terahercios | Aplicaciones de robótica móvil colaborativa para la industria 4.0 | Augmented reality and collaborative robots for remote industrial equipment installation | CUSTODIAN Webinar Soluciones de láser industrial - mejor eficiencia y menores costes,aiforindustryinternationalcongress | aplicacionesdelastecnologasdeterahercios | aplicacionesderobticamvilcolaborativaparalaindustria40 | augmentedrealityandcollaborativerobotsforremoteindustrialequipmentinstallation | custodianwebinarsolucionesdelserindustrialmejoreficienciaymenorescostes,aiforindustryinternationalcongress::AI for Industry International Congress | aplicacionesdelastecnologasdeterahercios::Aplicaciones de las tecnologías de terahercios | aplicacionesderobticamvilcolaborativaparalaindustria40::Aplicaciones de robótica móvil colaborativa para la industria 4.0 | augmentedrealityandcollaborativerobotsforremoteindustrialequipmentinstallation::Augmented reality and collaborative robots for remote industrial equipment installation | custodianwebinarsolucionesdelserindustrialmejoreficienciaymenorescostes::CUSTODIAN Webinar Soluciones de láser industrial - mejor eficiencia y menores costes,10,medium
Eurecat,eurecat,5,AI for Industry International Congress | Anticovid Technologies Day | Aplicaciones de la luz en la cosmética | Aplicaciones de las tecnologías de terahercios | Barcelona Biophotonics B2B Convention,aiforindustryinternationalcongress | anticovidtechnologiesday | aplicacionesdelaluzenlacosmtica | aplicacionesdelastecnologasdeterahercios | barcelonabiophotonicsb2bconvention,aiforindustryinternationalcongress::AI for Industry International Congress | anticovidtechnologiesday::Anticovid Technologies Day | aplicacionesdelaluzenlacosmtica::Aplicaciones de la luz en la cosmética | aplicacionesdelastecnologasdeterahercios::Aplicaciones de las tecnologías de terahercios | barcelonabiophotonicsb2bconvention::Barcelona Biophotonics B2B Convention,6,high
KD,kd,5,10 Reunión anual secpho | Acercándonos al mercado asiático Best Practices 2 | Branding para Pymes Best Practices | Cómo organizar tu evento en Koonstel | DELVY 3 Phantom Shares vs stock options,10reuninanualsecpho | acercndonosalmercadoasiticobestpractices2 | brandingparapymesbestpractices | cmoorganizartueventoenkoonstel | delvy3phantomsharesvsstockoptions,10reuninanualsecpho::10 Reunión anual secpho | acercndonosalmercadoasiticobestpractices2::Acercándonos al mercado asiático Best Practices 2 | brandingparapymesbestpractices::Branding para Pymes Best Practices | cmoorganizartueventoenkoonstel::Cómo organizar tu evento en Koonstel | delvy3phantomsharesvsstockoptions::DELVY 3 Phantom Shares vs stock options,6,medium
Monocrom,monocrom,5,AEROSPACE & DEFENSE MEETINGS SEVILLA 2020 | CPI en sector sanitario Sesión de trabajo | CUSTODIAN Webinar Soluciones de láser industrial - mejor eficiencia y menores costes | Deep Tech Talent Best Practices | Deep Tech Talent Best Practices 4,aerospaceanddefensemeetingssevilla2020 | cpiensectorsanitariosesindetrabajo | custodianwebinarsolucionesdelserindustrialmejoreficienciaymenorescostes | deeptechtalentbestpractices | deeptechtalentbestpractices4,aerospaceanddefensemeetingssevilla2020::AEROSPACE & DEFENSE MEETINGS SEVILLA 2020 | cpiensectorsanitariosesindetrabajo::CPI en sector sanitario Sesión de trabajo | custodianwebinarsolucionesdelserindustrialmejoreficienciaymenorescostes::CUSTODIAN Webinar Soluciones de láser industrial - mejor eficiencia y menores costes | deeptechtalentbestpractices4::Deep Tech Talent Best Practices 4 | deeptechtalentbestpractices::Deep Tech Talent Best Practices,6,high
ProCareLight,procarelight,5,10 Reunión anual secpho | 31BIEMH Cena de Networking | AI for Industry International Congress | Anticovid Technologies Day | Aplicaciones de la luz en la cosmética,10reuninanualsecpho | 31biemhcenadenetworking | aiforindustryinternationalcongress | anticovidtechnologiesday | aplicacionesdelaluzenlacosmtica,10reuninanualsecpho::10 Reunión anual secpho | 31biemhcenadenetworking::31BIEMH Cena de Networking | aiforindustryinternationalcongress::AI for Industry International Congress | anticovidtechnologiesday::Anticovid Technologies Day | aplicacionesdelaluzenlacosmtica::Aplicaciones de la luz en la cosmética,6,medium
IN2UB,in2ub,4,Aplicaciones de las tecnologías de terahercios | Deep Tech para una agricultura inteligente | Deep tech para tratamiento de agua | ¿Quieres conocernos mejor,aplicacionesdelastecnologasdeterahercios | deeptechparatratamientodeagua | deeptechparaunaagriculturainteligente | quieresconocernosmejor,aplicacionesdelastecnologasdeterahercios::Aplicaciones de las tecnologías de terahercios | deeptechparatratamientodeagua::Deep tech para tratamiento de agua | deeptechparaunaagriculturainteligente::Deep Tech para una agricultura inteligente | quieresconocernosmejor::¿Quieres conocernos mejor,5,high
Macsa ID,macsaid,4,AI for Industry International Congress | CUSTODIAN Webinar Soluciones de láser industrial - mejor eficiencia y menores costes | Deep Tech for Sustainable Packaging | Deep Tech para un envasado sostenible,aiforindustryinternationalcongress | custodianwebinarsolucionesdelserindustrialmejoreficienciaymenorescostes | deeptechforsustainablepackaging | deeptechparaunenvasadosostenible,aiforindustryinternationalcongress::AI for Industry International Congress | custodianwebinarsolucionesdelserindustrialmejoreficienciaymenorescostes::CUSTODIAN Webinar Soluciones de láser industrial - mejor eficiencia y menores costes | deeptechforsustainablepackaging::Deep Tech for Sustainable Packaging | deeptechparaunenvasadosostenible::Deep Tech para un envasado sostenible,4,high
Sensofar Metrology,sensofarmetrology,4,AI for Industry International Congress | Aplicaciones de la luz en la cosmética | DELVY 3 Phantom Shares vs stock options | Deep Tech Talent Best Practices 4,aiforindustryinternationalcongress | aplicacionesdelaluzenlacosmtica | deeptechtalentbestpractices4 | delvy3phantomsharesvsstockoptions,aiforindustryinternationalcongress::AI for Industry International Congress | aplicacionesdelaluzenlacosmtica::Aplicaciones de la luz en la cosmética | deeptechtalentbestpractices4::Deep Tech Talent Best Practices 4 | delvy3phantomsharesvsstockoptions::DELVY 3 Phantom Shares vs stock options,6,high
AMS Technologies,amstechnologies,3,Aplicaciones de las tecnologías de terahercios | Deep Tech para una agricultura inteligente | Deep tech para tratamiento de agua,aplicacionesdelastecnologasdeterahercios | deeptechparatratamientodeagua | deeptechparaunaagriculturainteligente,aplicacionesdelastecnologasdeterahercios::Aplicaciones de las tecnologías de terahercios | deeptechparatratamientodeagua::Deep tech para tratamiento de agua | deeptechparaunaagriculturainteligente::Deep Tech para una agricultura inteligente,4,high
ASINCAR,asincar,3,Aplicaciones de las tecnologías de terahercios | Deep Tech para una agricultura inteligente | Listeria 0 Tecnologías disruptivas en la industria del ibérico para garantizar la seguridad alimentaria,aplicacionesdelastecnologasdeterahercios | deeptechparaunaagriculturainteligente | listeria0tecnologasdisruptivasenlaindustriadelibricoparagarantizarlaseguridadalimentaria,aplicacionesdelastecnologasdeterahercios::Aplicaciones de las tecnologías de terahercios | deeptechparaunaagriculturainteligente::Deep Tech para una agricultura inteligente | listeria0tecnologasdisruptivasenlaindustriadelibricoparagarantizarlaseguridadalimentaria::Listeria 0 Tecnologías disruptivas en la industria del ibérico para garantizar la seguridad alimentaria,5,high
Alter Technology,altertechnology,3,Aplicaciones de las tecnologías de terahercios | Automatización del proceso de corte con láser mediante fabricación aditiva con termoplásticos | Cómo organizar tu evento en Koonstel,aplicacionesdelastecnologasdeterahercios | automatizacindelprocesodecorteconlsermediantefabricacinaditivacontermoplsticos | cmoorganizartueventoenkoonstel,aplicacionesdelastecnologasdeterahercios::Aplicaciones de las tecnologías de terahercios | automatizacindelprocesodecorteconlsermediantefabricacinaditivacontermoplsticos::Automatización del proceso de corte con láser mediante fabricación aditiva con termoplásticos | cmoorganizartueventoenkoonstel::Cómo organizar tu evento en Koonstel,3,high
Beamagine,beamagine,3,Aplicaciones de la Luz para la Industria Aeroespacial | CONNECTING SESSION B2B meetings - Sostenibilidad en el sector del agua | DELVY 7 Financiación alternativa a la financiación bancaria,aplicacionesdelaluzparalaindustriaaeroespacial | connectingsessionb2bmeetingssostenibilidadenelsectordelagua | delvy7financiacinalternativaalafinanciacinbancaria,aplicacionesdelaluzparalaindustriaaeroespacial::Aplicaciones de la Luz para la Industria Aeroespacial | connectingsessionb2bmeetingssostenibilidadenelsectordelagua::CONNECTING SESSION B2B meetings - Sostenibilidad en el sector del agua | delvy7financiacinalternativaalafinanciacinbancaria::DELVY 7 Financiación alternativa a la financiación bancaria,3,high
CDTI,cdti,3,Deep Tech para una agricultura inteligente | Deep Tech y ética | Deep tech para tratamiento de agua,deeptechparatratamientodeagua | deeptechparaunaagriculturainteligente | deeptechytica,deeptechparatratamientodeagua::Deep tech para tratamiento de agua | deeptechparaunaagriculturainteligente::Deep Tech para una agricultura inteligente | deeptechytica::Deep Tech y ética,4,high
Coherent España,coherentespana,3,31BIEMH Cena de Networking | Aplicaciones de las tecnologías de terahercios | Deep Tech y ética,31biemhcenadenetworking | aplicacionesdelastecnologasdeterahercios | deeptechytica,31biemhcenadenetworking::31BIEMH Cena de Networking | aplicacionesdelastecnologasdeterahercios::Aplicaciones de las tecnologías de terahercios | deeptechytica::Deep Tech y ética,3,high
IMB-CNM,imbcnm,3,Anticovid Technologies Day | CPI en sector sanitario Sesión de trabajo | ¿Quieres conocernos mejor,anticovidtechnologiesday | cpiensectorsanitariosesindetrabajo | quieresconocernosmejor,anticovidtechnologiesday::Anticovid Technologies Day | cpiensectorsanitariosesindetrabajo::CPI en sector sanitario Sesión de trabajo | quieresconocernosmejor::¿Quieres conocernos mejor,4,medium
IOVI Intelligent Vision,ioviintelligentvision,3,Anticovid Technologies Day | DELVY 5 ¿Cómo organizar una ronda de financiación | Listeria 0 Tecnologías disruptivas en la industria del ibérico para garantizar la seguridad alimentaria,anticovidtechnologiesday | delvy5cmoorganizarunarondadefinanciacin | listeria0tecnologasdisruptivasenlaindustriadelibricoparagarantizarlaseguridadalimentaria,anticovidtechnologiesday::Anticovid Technologies Day | delvy5cmoorganizarunarondadefinanciacin::DELVY 5 ¿Cómo organizar una ronda de financiación | listeria0tecnologasdisruptivasenlaindustriadelibricoparagarantizarlaseguridadalimentaria::Listeria 0 Tecnologías disruptivas en la industria del ibérico para garantizar la seguridad alimentaria,5,high
PONTI & PARTNERS,pontipartners,3,Branding para Pymes Best Practices | Cómo innovar con el Sincrotrón ALBA | Cómo organizar tu evento en Koonstel 2,brandingparapymesbestpractices | cmoinnovarconelsincrotrnalba | cmoorganizartueventoenkoonstel2,brandingparapymesbestpractices::Branding para Pymes Best Practices | cmoinnovarconelsincrotrnalba::Cómo innovar con el Sincrotrón ALBA | cmoorganizartueventoenkoonstel2::Cómo organizar tu evento en Koonstel 2,3,high
Quside,quside,3,Aplicación de la espectroscopia a la cadena de valor del aceite | Branding para Pymes Best Practices | DELVY 3 Phantom Shares vs stock options,aplicacindelaespectroscopiaalacadenadevalordelaceite | brandingparapymesbestpractices | delvy3phantomsharesvsstockoptions,aplicacindelaespectroscopiaalacadenadevalordelaceite::Aplicación de la espectroscopia a la cadena de valor del aceite | brandingparapymesbestpractices::Branding para Pymes Best Practices | delvy3phantomsharesvsstockoptions::DELVY 3 Phantom Shares vs stock options,3,medium
Recursos Laser,recursoslaser,3,10 Reunión anual secpho | CONNECTING SESSION B2B meetings - Sostenibilidad en el sector del agua | Deep tech para tratamiento de agua,10reuninanualsecpho | connectingsessionb2bmeetingssostenibilidadenelsectordelagua | deeptechparatratamientodeagua,10reuninanualsecpho::10 Reunión anual secpho | connectingsessionb2bmeetingssostenibilidadenelsectordelagua::CONNECTING SESSION B2B meetings - Sostenibilidad en el sector del agua | deeptechparatratamientodeagua::Deep tech para tratamiento de agua,3,high
Telefónica,telefonica,3,Anticovid Technologies Day | Deep Tech y ética | Listeria 0 Tecnologías disruptivas en la industria del ibérico para garantizar la seguridad alimentaria,anticovidtechnologiesday | deeptechytica | listeria0tecnologasdisruptivasenlaindustriadelibricoparagarantizarlaseguridadalimentaria,anticovidtechnologiesday::Anticovid Technologies Day | deeptechytica::Deep Tech y ética | listeria0tecnologasdisruptivasenlaindustriadelibricoparagarantizarlaseguridadalimentaria::Listeria 0 Tecnologías disruptivas en la industria del ibérico para garantizar la seguridad alimentaria,4,high
Vicomtech,vicomtech,3,Aplicaciones de las tecnologías de terahercios | Deep Tech para una agricultura inteligente | Listeria 0 Tecnologías disruptivas en la industria del ibérico para garantizar la seguridad alimentaria,aplicacionesdelastecnologasdeterahercios | deeptechparaunaagriculturainteligente | listeria0tecnologasdisruptivasenlaindustriadelibricoparagarantizarlaseguridadalimentaria,aplicacionesdelastecnologasdeterahercios::Aplicaciones de las tecnologías de terahercios | deeptechparaunaagriculturainteligente::Deep Tech para una agricultura inteligente | listeria0tecnologasdisruptivasenlaindustriadelibricoparagarantizarlaseguridadalimentaria::Listeria 0 Tecnologías disruptivas en la industria del ibérico para garantizar la seguridad alimentaria,4,high
ASENSE,asense,2,Acercándonos al mercado asiático Best Practices 2 | Conectando sistemas de sensores inteligentes para la industria agroalimentaria,acercndonosalmercadoasiticobestpractices2 | conectandosistemasdesensoresinteligentesparalaindustriaagroalimentaria,acercndonosalmercadoasiticobestpractices2::Acercándonos al mercado asiático Best Practices 2 | conectandosistemasdesensoresinteligentesparalaindustriaagroalimentaria::Conectando sistemas de sensores inteligentes para la industria agroalimentaria,2,medium
CalSens,calsens,2,Deep Tech para una agricultura inteligente | Deep tech para tratamiento de agua,deeptechparatratamientodeagua | deeptechparaunaagriculturainteligente,deeptechparatratamientodeagua::Deep tech para tratamiento de agua | deeptechparaunaagriculturainteligente::Deep Tech para una agricultura inteligente,3,high
Celsa,celsa,2,31BIEMH Cena de Networking | AI for Industry International Congress,31biemhcenadenetworking | aiforindustryinternationalcongress,31biemhcenadenetworking::31BIEMH Cena de Networking | aiforindustryinternationalcongress::AI for Industry International Congress,2,high
Draco Systems,dracosystems,2,Aplicaciones de robótica móvil colaborativa para la industria 4.0 | Branding para Pymes Best Practices,aplicacionesderobticamvilcolaborativaparalaindustria40 | brandingparapymesbestpractices,aplicacionesderobticamvilcolaborativaparalaindustria40::Aplicaciones de robótica móvil colaborativa para la industria 4.0 | brandingparapymesbestpractices::Branding para Pymes Best Practices,2,high
EXOM engineering,exomengineering,2,DELVY 6 Novedades del Real Decreto 13 2022 sobre la nueva cotización de autónomos | Deep Tech para una agricultura inteligente,deeptechparaunaagriculturainteligente | delvy6novedadesdelrealdecreto132022sobrelanuevacotizacindeautnomos,deeptechparaunaagriculturainteligente::Deep Tech para una agricultura inteligente | delvy6novedadesdelrealdecreto132022sobrelanuevacotizacindeautnomos::DELVY 6 Novedades del Real Decreto 13 2022 sobre la nueva cotización de autónomos,2,high
Grupo Oesía,grupooesia,2,AI for Industry International Congress | Aplicaciones de la Luz para la Industria Aeroespacial,aiforindustryinternationalcongress | aplicacionesdelaluzparalaindustriaaeroespacial,aiforindustryinternationalcongress::AI for Industry International Congress | aplicacionesdelaluzparalaindustriaaeroespacial::Aplicaciones de la Luz para la Industria Aeroespacial,2,medium
HP,hp,2,A new era in food security | Deep Tech y ética,anewerainfoodsecurity | deeptechytica,anewerainfoodsecurity::A new era in food security | deeptechytica::Deep Tech y ética,2,high
IRTA,irta,2,Deep Tech para una agricultura inteligente | Listeria 0 Tecnologías disruptivas en la industria del ibérico para garantizar la seguridad alimentaria,deeptechparaunaagriculturainteligente | listeria0tecnologasdisruptivasenlaindustriadelibricoparagarantizarlaseguridadalimentaria,deeptechparaunaagriculturainteligente::Deep Tech para una agricultura inteligente | listeria0tecnologasdisruptivasenlaindustriadelibricoparagarantizarlaseguridadalimentaria::Listeria 0 Tecnologías disruptivas en la industria del ibérico para garantizar la seguridad alimentaria,3,high
LÚCID,lucid,2,Branding para Pymes Best Practices | CPI en sector sanitario Sesión de trabajo,brandingparapymesbestpractices | cpiensectorsanitariosesindetrabajo,brandingparapymesbestpractices::Branding para Pymes Best Practices | cpiensectorsanitariosesindetrabajo::CPI en sector sanitario Sesión de trabajo,2,high
Mapsi Photonics,mapsiphotonics,2,Aplicaciones de las tecnologías de terahercios | Conectando sistemas de sensores inteligentes para la industria agroalimentaria,aplicacionesdelastecnologasdeterahercios | conectandosistemasdesensoresinteligentesparalaindustriaagroalimentaria,aplicacionesdelastecnologasdeterahercios::Aplicaciones de las tecnologías de terahercios | conectandosistemasdesensoresinteligentesparalaindustriaagroalimentaria::Conectando sistemas de sensores inteligentes para la industria agroalimentaria,2,medium
Nanophotonics Technology Center,nanophotonicstechnologycenter,2,Acercándonos al mercado asiático Best Practices 2 | Automatización del proceso de corte con láser mediante fabricación aditiva con termoplásticos,acercndonosalmercadoasiticobestpractices2 | automatizacindelprocesodecorteconlsermediantefabricacinaditivacontermoplsticos,acercndonosalmercadoasiticobestpractices2::Acercándonos al mercado asiático Best Practices 2 | automatizacindelprocesodecorteconlsermediantefabricacinaditivacontermoplsticos::Automatización del proceso de corte con láser mediante fabricación aditiva con termoplásticos,3,high
New Infrared Technologies,newinfraredtechnologies,2,Acercándonos al mercado asiático Best Practices 2 | Conectando sistemas de sensores inteligentes para la industria agroalimentaria,acercndonosalmercadoasiticobestpractices2 | conectandosistemasdesensoresinteligentesparalaindustriaagroalimentaria,acercndonosalmercadoasiticobestpractices2::Acercándonos al mercado asiático Best Practices 2 | conectandosistemasdesensoresinteligentesparalaindustriaagroalimentaria::Conectando sistemas de sensores inteligentes para la industria agroalimentaria,2,high
Repsol,repsol,2,Aplicaciones de robótica móvil colaborativa para la industria 4.0 | Deep Tech y ética,aplicacionesderobticamvilcolaborativaparalaindustria40 | deeptechytica,aplicacionesderobticamvilcolaborativaparalaindustria40::Aplicaciones de robótica móvil colaborativa para la industria 4.0 | deeptechytica::Deep Tech y ética,4,high
Robotnik,robotnik,2,31BIEMH Cena de Networking | Branding para Pymes Best Practices,31biemhcenadenetworking | brandingparapymesbestpractices,31biemhcenadenetworking::31BIEMH Cena de Networking | brandingparapymesbestpractices::Branding para Pymes Best Practices,2,high
Stimulo,stimulo,2,Branding para Pymes Best Practices | Listeria 0 Tecnologías disruptivas en la industria del ibérico para garantizar la seguridad alimentaria,brandingparapymesbestpractices | listeria0tecnologasdisruptivasenlaindustriadelibricoparagarantizarlaseguridadalimentaria,brandingparapymesbestpractices::Branding para Pymes Best Practices | listeria0tecnologasdisruptivasenlaindustriadelibricoparagarantizarlaseguridadalimentaria::Listeria 0 Tecnologías disruptivas en la industria del ibérico para garantizar la seguridad alimentaria,2,high
Visiona,visiona,2,CPI en sector sanitario Sesión de trabajo | DELVY 4 ¿Cómo afecta la normativa de protección de datos a tu empresa,cpiensectorsanitariosesindetrabajo | delvy4cmoafectalanormativadeproteccindedatosatuempresa,cpiensectorsanitariosesindetrabajo::CPI en sector sanitario Sesión de trabajo | delvy4cmoafectalanormativadeproteccindedatosatuempresa::DELVY 4 ¿Cómo afecta la normativa de protección de datos a tu empresa,2,high
t2c,t2c,2,CPI en sector sanitario Sesión de trabajo | DELVY 3 Phantom Shares vs stock options,cpiensectorsanitariosesindetrabajo | delvy3phantomsharesvsstockoptions,cpiensectorsanitariosesindetrabajo::CPI en sector sanitario Sesión de trabajo | delvy3phantomsharesvsstockoptions::DELVY 3 Phantom Shares vs stock options,2,high
BSH,bsh,1,Aplicación de las tecnologías de la luz en la gestión del agua urbana e industrial,aplicacindelastecnologasdelaluzenlagestindelaguaurbanaeindustrial,aplicacindelastecnologasdelaluzenlagestindelaguaurbanaeindustrial::Aplicación de las tecnologías de la luz en la gestión del agua urbana e industrial,1,unknown
COVAP,covap,1,Conectando sistemas de sensores inteligentes para la industria agroalimentaria,conectandosistemasdesensoresinteligentesparalaindustriaagroalimentaria,conectandosistemasdesensoresinteligentesparalaindustriaagroalimentaria::Conectando sistemas de sensores inteligentes para la industria agroalimentaria,1,high
CVC,cvc,1,Agritech and foodtech online fair,agritechandfoodtechonlinefair,agritechandfoodtechonlinefair::Agritech and foodtech online fair,1,medium
IKERLAN,ikerlan,1,BLOCK4coop Digital transformation of companies with blockchain technology in Industry 4.0,block4coopdigitaltransformationofcompanieswithblockchaintechnologyinindustry40,block4coopdigitaltransformationofcompanieswithblockchaintechnologyinindustry40::BLOCK4coop Digital transformation of companies with blockchain technology in Industry 4.0,3,high
INDO,indo,1,Deep Tech para un envasado sostenible,deeptechparaunenvasadosostenible,deeptechparaunenvasadosostenible::Deep Tech para un envasado sostenible,1,medium
INMA-CSIC,inmacsic,1,AI for Industry International Congress,aiforindustryinternationalcongress,aiforindustryinternationalcongress::AI for Industry International Congress,1,high
Imasenic,imasenic,1,Acercándonos al mercado asiático Best Practices 2,acercndonosalmercadoasiticobestpractices2,acercndonosalmercadoasiticobestpractices2::Acercándonos al mercado asiático Best Practices 2,1,high
Inmersia,inmersia,1,DELVY 7 Financiación alternativa a la financiación bancaria,delvy7financiacinalternativaalafinanciacinbancaria,delvy7financiacinalternativaalafinanciacinbancaria::DELVY 7 Financiación alternativa a la financiación bancaria,1,high
Kadans Science Partner,kadanssciencepartner,1,Branding para Pymes Best Practices,brandingparapymesbestpractices,brandingparapymesbestpractices::Branding para Pymes Best Practices,1,high
Lecta,lecta,1,Deep Tech for Sustainable Packaging,deeptechforsustainablepackaging,deeptechforsustainablepackaging::Deep Tech for Sustainable Packaging,1,unknown
Lenz Instruments,lenzinstruments,1,Branding para Pymes Best Practices,brandingparapymesbestpractices,brandingparapymesbestpractices::Branding para Pymes Best Practices,1,high
Nestlé,nestle,1,Agritech and foodtech online fair,agritechandfoodtechonlinefair,agritechandfoodtechonlinefair::Agritech and foodtech online fair,1,high
Palex Scientific,palexscientific,1,Listeria 0 Tecnologías disruptivas en la industria del ibérico para garantizar la seguridad alimentaria,listeria0tecnologasdisruptivasenlaindustriadelibricoparagarantizarlaseguridadalimentaria,listeria0tecnologasdisruptivasenlaindustriadelibricoparagarantizarlaseguridadalimentaria::Listeria 0 Tecnologías disruptivas en la industria del ibérico para garantizar la seguridad alimentaria,1,high
Photonics Research Labs,photonicsresearchlabs,1,Conectando sistemas de sensores inteligentes para la industria agroalimentaria,conectandosistemasdesensoresinteligentesparalaindustriaagroalimentaria,conectandosistemasdesensoresinteligentesparalaindustriaagroalimentaria::Conectando sistemas de sensores inteligentes para la industria agroalimentaria,1,high
Promsa,promsa,1,Deep tech para tratamiento de agua,deeptechparatratamientodeagua,deeptechparatratamientodeagua::Deep tech para tratamiento de agua,1,high
Qurv Technologies,qurvtechnologies,1,3rd FoodPackLab Innovation workshop,3rdfoodpacklabinnovationworkshop,3rdfoodpacklabinnovationworkshop::3rd FoodPackLab Innovation workshop,1,medium
SENER,sener,1,Aplicaciones de la Luz para la Industria Aeroespacial,aplicacionesdelaluzparalaindustriaaeroespacial,aplicacionesdelaluzparalaindustriaaeroespacial::Aplicaciones de la Luz para la Industria Aeroespacial,1,unknown
Sens Solutions,senssolutions,1,Deep Tech 4 Good Barcelona,deeptech4goodbarcelona,deeptech4goodbarcelona::Deep Tech 4 Good Barcelona,1,medium
Sensofar Medical,sensofarmedical,1,AI for Industry International Congress,aiforindustryinternationalcongress,aiforindustryinternationalcongress::AI for Industry International Congress,1,high
Subsea Mechatronics,subseamechatronics,1,Acercándonos al mercado asiático Best Practices 2,acercndonosalmercadoasiticobestpractices2,acercndonosalmercadoasiticobestpractices2::Acercándonos al mercado asiático Best Practices 2,1,high
TMB,tmb,1,Anticovid Technologies Day,anticovidtechnologiesday,anticovidtechnologiesday::Anticovid Technologies Day,2,high
Tradebe,tradebe,1,Artificial intelligence and photonics applied to industry,artificialintelligenceandphotonicsappliedtoindustry,artificialintelligenceandphotonicsappliedtoindustry::Artificial intelligence and photonics applied to industry,1,high
UDIT,udit,1,Deep Tech Talent Best Practices,deeptechtalentbestpractices,deeptechtalentbestpractices::Deep Tech Talent Best Practices,3,high
VIGO Ventures,vigoventures,1,Become a Member,becomeamember,becomeamember::Become a Member,1,unknown
YSIUM MEDICAL,ysiummedical,1,Deep Tech Talent Best Practices,deeptechtalentbestpractices,deeptechtalentbestpractices::Deep Tech Talent Best Practices,1,high
rbz,rbz,1,Branding para Pymes Best Practices,brandingparapymesbestpractices,brandingparapymesbestpractices::Branding para Pymes Best Practices,1,high
shinephi,shinephi,1,Artificial intelligence and photonics applied to industry,artificialintelligenceandphotonicsappliedtoindustry,artificialintelligenceandphotonicsappliedtoindustry::Artificial intelligence and photonics applied to industry,1,medium
